date,home_team,away_team,home_score,away_score,status,goal_diff,result,vittorie_casa_home,vittorie_fuori_home,vittorie_totali_home,pareggi_casa_home,pareggi_fuori_home,pareggi_totali_home,sconfitte_casa_home,sconfitte_fuori_home,sconfitte_totali_home,goal_fatti_casa_home,goal_fatti_fuori_home,goal_fatti_totali_home,goal_subiti_casa_home,goal_subiti_fuori_home,goal_subiti_totali_home,diff_reti_home,media_goal_fatti_home,media_goal_subiti_home,vittorie_casa_away,vittorie_fuori_away,vittorie_totali_away,pareggi_casa_away,pareggi_fuori_away,pareggi_totali_away,sconfitte_casa_away,sconfitte_fuori_away,sconfitte_totali_away,goal_fatti_casa_away,goal_fatti_fuori_away,goal_fatti_totali_away,goal_subiti_casa_away,goal_subiti_fuori_away,goal_subiti_totali_away,diff_reti_away,media_goal_fatti_away,media_goal_subiti_away
2024-08-17T16:30:00Z,Genoa CFC,FC Internazionale Milano,2,2,FINISHED,0,D,5,5,10,7,6,13,7,8,15,21,16,37,25,24,49,-12,1.9473684210526316,2.5789473684210527,13,11,24,4,5,9,2,3,5,40,39,79,21,14,35,44,4.157894736842105,1.8421052631578947
2024-08-17T16:30:00Z,Parma Calcio 1913,ACF Fiorentina,1,1,FINISHED,0,D,5,2,7,6,9,15,8,8,16,25,19,44,28,30,58,-14,2.3157894736842106,3.0526315789473686,12,7,19,4,4,8,3,8,11,32,28,60,18,23,41,19,3.1578947368421053,2.1578947368421053
2024-08-17T18:45:00Z,Empoli FC,AC Monza,0,0,FINISHED,0,D,2,4,6,7,6,13,10,9,19,10,23,33,26,33,59,-26,1.736842105263158,3.1052631578947367,1,2,3,5,4,9,13,13,26,13,15,28,31,38,69,-41,1.4736842105263157,3.6315789473684212
2024-08-17T18:45:00Z,AC Milan,Torino FC,2,2,FINISHED,0,D,9,9,18,7,2,9,3,8,11,30,31,61,16,27,43,18,3.210526315789474,2.263157894736842,6,4,10,7,7,14,6,8,14,17,22,39,18,27,45,-6,2.0526315789473686,2.3684210526315788
2024-08-18T16:30:00Z,Bologna FC 1909,Udinese Calcio,1,1,FINISHED,0,D,10,6,16,7,7,14,2,6,8,33,24,57,18,29,47,10,3.0,2.473684210526316,7,5,12,3,5,8,9,9,18,22,19,41,27,29,56,-15,2.1578947368421053,2.9473684210526314
2024-08-18T16:30:00Z,Hellas Verona FC,SSC Napoli,3,0,FINISHED,3,H,4,6,10,5,2,7,10,11,21,15,19,34,36,30,66,-32,1.7894736842105263,3.473684210526316,14,10,24,3,7,10,2,2,4,32,27,59,13,14,27,32,3.1052631578947367,1.4210526315789473
2024-08-18T18:45:00Z,Cagliari Calcio,AS Roma,0,0,FINISHED,0,D,6,3,9,4,5,9,9,11,20,24,16,40,28,28,56,-16,2.1052631578947367,2.9473684210526314,13,7,20,2,7,9,4,5,9,37,19,56,15,20,35,21,2.9473684210526314,1.8421052631578947
2024-08-18T18:45:00Z,SS Lazio,Venezia FC,3,1,FINISHED,2,H,7,11,18,9,2,11,3,6,9,33,28,61,26,23,49,12,3.210526315789474,2.5789473684210527,5,0,5,5,9,14,9,10,19,17,15,32,22,34,56,-24,1.6842105263157894,2.9473684210526314
2024-08-19T16:30:00Z,US Lecce,Atalanta BC,0,4,FINISHED,-4,A,4,4,8,6,4,10,9,11,20,13,14,27,31,27,58,-31,1.4210526315789473,3.0526315789473686,9,13,22,5,3,8,5,3,8,36,42,78,24,13,37,41,4.105263157894737,1.9473684210526316
2024-08-19T18:45:00Z,Juventus FC,Como 1907,3,0,FINISHED,3,H,11,7,18,7,9,16,1,3,4,31,27,58,15,20,35,23,3.0526315789473686,1.8421052631578947,8,5,13,5,5,10,6,9,15,28,21,49,26,26,52,-3,2.5789473684210527,2.736842105263158
2024-08-24T16:30:00Z,Parma Calcio 1913,AC Milan,2,1,FINISHED,1,H,5,2,7,6,9,15,8,8,16,25,19,44,28,30,58,-14,2.3157894736842106,3.0526315789473686,9,9,18,7,2,9,3,8,11,30,31,61,16,27,43,18,3.210526315789474,2.263157894736842
2024-08-24T16:30:00Z,Udinese Calcio,SS Lazio,2,1,FINISHED,1,H,7,5,12,3,5,8,9,9,18,22,19,41,27,29,56,-15,2.1578947368421053,2.9473684210526314,7,11,18,9,2,11,3,6,9,33,28,61,26,23,49,12,3.210526315789474,2.5789473684210527
2024-08-24T18:45:00Z,FC Internazionale Milano,US Lecce,2,0,FINISHED,2,H,13,11,24,4,5,9,2,3,5,40,39,79,21,14,35,44,4.157894736842105,1.8421052631578947,4,4,8,6,4,10,9,11,20,13,14,27,31,27,58,-31,1.4210526315789473,3.0526315789473686
2024-08-24T18:45:00Z,AC Monza,Genoa CFC,0,1,FINISHED,-1,A,1,2,3,5,4,9,13,13,26,13,15,28,31,38,69,-41,1.4736842105263157,3.6315789473684212,5,5,10,7,6,13,7,8,15,21,16,37,25,24,49,-12,1.9473684210526316,2.5789473684210527
2024-08-25T16:30:00Z,ACF Fiorentina,Venezia FC,0,0,FINISHED,0,D,12,7,19,4,4,8,3,8,11,32,28,60,18,23,41,19,3.1578947368421053,2.1578947368421053,5,0,5,5,9,14,9,10,19,17,15,32,22,34,56,-24,1.6842105263157894,2.9473684210526314
2024-08-25T16:30:00Z,Torino FC,Atalanta BC,2,1,FINISHED,1,H,6,4,10,7,7,14,6,8,14,17,22,39,18,27,45,-6,2.0526315789473686,2.3684210526315788,9,13,22,5,3,8,5,3,8,36,42,78,24,13,37,41,4.105263157894737,1.9473684210526316
2024-08-25T18:45:00Z,SSC Napoli,Bologna FC 1909,3,0,FINISHED,3,H,14,10,24,3,7,10,2,2,4,32,27,59,13,14,27,32,3.1052631578947367,1.4210526315789473,10,6,16,7,7,14,2,6,8,33,24,57,18,29,47,10,3.0,2.473684210526316
2024-08-25T18:45:00Z,AS Roma,Empoli FC,1,2,FINISHED,-1,A,13,7,20,2,7,9,4,5,9,37,19,56,15,20,35,21,2.9473684210526314,1.8421052631578947,2,4,6,7,6,13,10,9,19,10,23,33,26,33,59,-26,1.736842105263158,3.1052631578947367
2024-08-26T16:30:00Z,Cagliari Calcio,Como 1907,1,1,FINISHED,0,D,6,3,9,4,5,9,9,11,20,24,16,40,28,28,56,-16,2.1052631578947367,2.9473684210526314,8,5,13,5,5,10,6,9,15,28,21,49,26,26,52,-3,2.5789473684210527,2.736842105263158
2024-08-26T18:45:00Z,Hellas Verona FC,Juventus FC,0,3,FINISHED,-3,A,4,6,10,5,2,7,10,11,21,15,19,34,36,30,66,-32,1.7894736842105263,3.473684210526316,11,7,18,7,9,16,1,3,4,31,27,58,15,20,35,23,3.0526315789473686,1.8421052631578947
2024-08-30T16:30:00Z,Venezia FC,Torino FC,0,1,FINISHED,-1,A,5,0,5,5,9,14,9,10,19,17,15,32,22,34,56,-24,1.6842105263157894,2.9473684210526314,6,4,10,7,7,14,6,8,14,17,22,39,18,27,45,-6,2.0526315789473686,2.3684210526315788
2024-08-30T18:45:00Z,FC Internazionale Milano,Atalanta BC,4,0,FINISHED,4,H,13,11,24,4,5,9,2,3,5,40,39,79,21,14,35,44,4.157894736842105,1.8421052631578947,9,13,22,5,3,8,5,3,8,36,42,78,24,13,37,41,4.105263157894737,1.9473684210526316
2024-08-31T16:30:00Z,Bologna FC 1909,Empoli FC,1,1,FINISHED,0,D,10,6,16,7,7,14,2,6,8,33,24,57,18,29,47,10,3.0,2.473684210526316,2,4,6,7,6,13,10,9,19,10,23,33,26,33,59,-26,1.736842105263158,3.1052631578947367
2024-08-31T16:30:00Z,US Lecce,Cagliari Calcio,1,0,FINISHED,1,H,4,4,8,6,4,10,9,11,20,13,14,27,31,27,58,-31,1.4210526315789473,3.0526315789473686,6,3,9,4,5,9,9,11,20,24,16,40,28,28,56,-16,2.1052631578947367,2.9473684210526314
2024-08-31T18:45:00Z,SS Lazio,AC Milan,2,2,FINISHED,0,D,7,11,18,9,2,11,3,6,9,33,28,61,26,23,49,12,3.210526315789474,2.5789473684210527,9,9,18,7,2,9,3,8,11,30,31,61,16,27,43,18,3.210526315789474,2.263157894736842
2024-08-31T18:45:00Z,SSC Napoli,Parma Calcio 1913,2,1,FINISHED,1,H,14,10,24,3,7,10,2,2,4,32,27,59,13,14,27,32,3.1052631578947367,1.4210526315789473,5,2,7,6,9,15,8,8,16,25,19,44,28,30,58,-14,2.3157894736842106,3.0526315789473686
2024-09-01T16:30:00Z,ACF Fiorentina,AC Monza,2,2,FINISHED,0,D,12,7,19,4,4,8,3,8,11,32,28,60,18,23,41,19,3.1578947368421053,2.1578947368421053,1,2,3,5,4,9,13,13,26,13,15,28,31,38,69,-41,1.4736842105263157,3.6315789473684212
2024-09-01T16:30:00Z,Genoa CFC,Hellas Verona FC,0,2,FINISHED,-2,A,5,5,10,7,6,13,7,8,15,21,16,37,25,24,49,-12,1.9473684210526316,2.5789473684210527,4,6,10,5,2,7,10,11,21,15,19,34,36,30,66,-32,1.7894736842105263,3.473684210526316
2024-09-01T18:45:00Z,Juventus FC,AS Roma,0,0,FINISHED,0,D,11,7,18,7,9,16,1,3,4,31,27,58,15,20,35,23,3.0526315789473686,1.8421052631578947,13,7,20,2,7,9,4,5,9,37,19,56,15,20,35,21,2.9473684210526314,1.8421052631578947
2024-09-01T18:45:00Z,Udinese Calcio,Como 1907,1,0,FINISHED,1,H,7,5,12,3,5,8,9,9,18,22,19,41,27,29,56,-15,2.1578947368421053,2.9473684210526314,8,5,13,5,5,10,6,9,15,28,21,49,26,26,52,-3,2.5789473684210527,2.736842105263158
2024-09-14T13:00:00Z,Como 1907,Bologna FC 1909,2,2,FINISHED,0,D,8,5,13,5,5,10,6,9,15,28,21,49,26,26,52,-3,2.5789473684210527,2.736842105263158,10,6,16,7,7,14,2,6,8,33,24,57,18,29,47,10,3.0,2.473684210526316
2024-09-14T16:00:00Z,Empoli FC,Juventus FC,0,0,FINISHED,0,D,2,4,6,7,6,13,10,9,19,10,23,33,26,33,59,-26,1.736842105263158,3.1052631578947367,11,7,18,7,9,16,1,3,4,31,27,58,15,20,35,23,3.0526315789473686,1.8421052631578947
2024-09-14T18:45:00Z,AC Milan,Venezia FC,4,0,FINISHED,4,H,9,9,18,7,2,9,3,8,11,30,31,61,16,27,43,18,3.210526315789474,2.263157894736842,5,0,5,5,9,14,9,10,19,17,15,32,22,34,56,-24,1.6842105263157894,2.9473684210526314
2024-09-15T10:30:00Z,Genoa CFC,AS Roma,1,1,FINISHED,0,D,5,5,10,7,6,13,7,8,15,21,16,37,25,24,49,-12,1.9473684210526316,2.5789473684210527,13,7,20,2,7,9,4,5,9,37,19,56,15,20,35,21,2.9473684210526314,1.8421052631578947
2024-09-15T13:00:00Z,Atalanta BC,ACF Fiorentina,3,2,FINISHED,1,H,9,13,22,5,3,8,5,3,8,36,42,78,24,13,37,41,4.105263157894737,1.9473684210526316,12,7,19,4,4,8,3,8,11,32,28,60,18,23,41,19,3.1578947368421053,2.1578947368421053
2024-09-15T13:00:00Z,Torino FC,US Lecce,0,0,FINISHED,0,D,6,4,10,7,7,14,6,8,14,17,22,39,18,27,45,-6,2.0526315789473686,2.3684210526315788,4,4,8,6,4,10,9,11,20,13,14,27,31,27,58,-31,1.4210526315789473,3.0526315789473686
2024-09-15T16:00:00Z,Cagliari Calcio,SSC Napoli,0,4,FINISHED,-4,A,6,3,9,4,5,9,9,11,20,24,16,40,28,28,56,-16,2.1052631578947367,2.9473684210526314,14,10,24,3,7,10,2,2,4,32,27,59,13,14,27,32,3.1052631578947367,1.4210526315789473
2024-09-15T18:45:00Z,AC Monza,FC Internazionale Milano,1,1,FINISHED,0,D,1,2,3,5,4,9,13,13,26,13,15,28,31,38,69,-41,1.4736842105263157,3.6315789473684212,13,11,24,4,5,9,2,3,5,40,39,79,21,14,35,44,4.157894736842105,1.8421052631578947
2024-09-16T16:30:00Z,Parma Calcio 1913,Udinese Calcio,2,3,FINISHED,-1,A,5,2,7,6,9,15,8,8,16,25,19,44,28,30,58,-14,2.3157894736842106,3.0526315789473686,7,5,12,3,5,8,9,9,18,22,19,41,27,29,56,-15,2.1578947368421053,2.9473684210526314
2024-09-16T18:45:00Z,SS Lazio,Hellas Verona FC,2,1,FINISHED,1,H,7,11,18,9,2,11,3,6,9,33,28,61,26,23,49,12,3.210526315789474,2.5789473684210527,4,6,10,5,2,7,10,11,21,15,19,34,36,30,66,-32,1.7894736842105263,3.473684210526316
2024-09-20T16:30:00Z,Cagliari Calcio,Empoli FC,0,2,FINISHED,-2,A,6,3,9,4,5,9,9,11,20,24,16,40,28,28,56,-16,2.1052631578947367,2.9473684210526314,2,4,6,7,6,13,10,9,19,10,23,33,26,33,59,-26,1.736842105263158,3.1052631578947367
2024-09-20T18:45:00Z,Hellas Verona FC,Torino FC,2,3,FINISHED,-1,A,4,6,10,5,2,7,10,11,21,15,19,34,36,30,66,-32,1.7894736842105263,3.473684210526316,6,4,10,7,7,14,6,8,14,17,22,39,18,27,45,-6,2.0526315789473686,2.3684210526315788
2024-09-21T13:00:00Z,Venezia FC,Genoa CFC,2,0,FINISHED,2,H,5,0,5,5,9,14,9,10,19,17,15,32,22,34,56,-24,1.6842105263157894,2.9473684210526314,5,5,10,7,6,13,7,8,15,21,16,37,25,24,49,-12,1.9473684210526316,2.5789473684210527
2024-09-21T16:00:00Z,Juventus FC,SSC Napoli,0,0,FINISHED,0,D,11,7,18,7,9,16,1,3,4,31,27,58,15,20,35,23,3.0526315789473686,1.8421052631578947,14,10,24,3,7,10,2,2,4,32,27,59,13,14,27,32,3.1052631578947367,1.4210526315789473
2024-09-21T18:45:00Z,US Lecce,Parma Calcio 1913,2,2,FINISHED,0,D,4,4,8,6,4,10,9,11,20,13,14,27,31,27,58,-31,1.4210526315789473,3.0526315789473686,5,2,7,6,9,15,8,8,16,25,19,44,28,30,58,-14,2.3157894736842106,3.0526315789473686
2024-09-22T10:30:00Z,ACF Fiorentina,SS Lazio,2,1,FINISHED,1,H,12,7,19,4,4,8,3,8,11,32,28,60,18,23,41,19,3.1578947368421053,2.1578947368421053,7,11,18,9,2,11,3,6,9,33,28,61,26,23,49,12,3.210526315789474,2.5789473684210527
2024-09-22T13:00:00Z,AC Monza,Bologna FC 1909,1,2,FINISHED,-1,A,1,2,3,5,4,9,13,13,26,13,15,28,31,38,69,-41,1.4736842105263157,3.6315789473684212,10,6,16,7,7,14,2,6,8,33,24,57,18,29,47,10,3.0,2.473684210526316
2024-09-22T16:00:00Z,AS Roma,Udinese Calcio,3,0,FINISHED,3,H,13,7,20,2,7,9,4,5,9,37,19,56,15,20,35,21,2.9473684210526314,1.8421052631578947,7,5,12,3,5,8,9,9,18,22,19,41,27,29,56,-15,2.1578947368421053,2.9473684210526314
2024-09-22T18:45:00Z,FC Internazionale Milano,AC Milan,1,2,FINISHED,-1,A,13,11,24,4,5,9,2,3,5,40,39,79,21,14,35,44,4.157894736842105,1.8421052631578947,9,9,18,7,2,9,3,8,11,30,31,61,16,27,43,18,3.210526315789474,2.263157894736842
2024-09-24T18:45:00Z,Atalanta BC,Como 1907,2,3,FINISHED,-1,A,9,13,22,5,3,8,5,3,8,36,42,78,24,13,37,41,4.105263157894737,1.9473684210526316,8,5,13,5,5,10,6,9,15,28,21,49,26,26,52,-3,2.5789473684210527,2.736842105263158
2024-09-27T18:45:00Z,AC Milan,US Lecce,3,0,FINISHED,3,H,9,9,18,7,2,9,3,8,11,30,31,61,16,27,43,18,3.210526315789474,2.263157894736842,4,4,8,6,4,10,9,11,20,13,14,27,31,27,58,-31,1.4210526315789473,3.0526315789473686
2024-09-28T13:00:00Z,Udinese Calcio,FC Internazionale Milano,2,3,FINISHED,-1,A,7,5,12,3,5,8,9,9,18,22,19,41,27,29,56,-15,2.1578947368421053,2.9473684210526314,13,11,24,4,5,9,2,3,5,40,39,79,21,14,35,44,4.157894736842105,1.8421052631578947
2024-09-28T16:00:00Z,Genoa CFC,Juventus FC,0,3,FINISHED,-3,A,5,5,10,7,6,13,7,8,15,21,16,37,25,24,49,-12,1.9473684210526316,2.5789473684210527,11,7,18,7,9,16,1,3,4,31,27,58,15,20,35,23,3.0526315789473686,1.8421052631578947
2024-09-28T18:45:00Z,Bologna FC 1909,Atalanta BC,1,1,FINISHED,0,D,10,6,16,7,7,14,2,6,8,33,24,57,18,29,47,10,3.0,2.473684210526316,9,13,22,5,3,8,5,3,8,36,42,78,24,13,37,41,4.105263157894737,1.9473684210526316
2024-09-29T10:30:00Z,Torino FC,SS Lazio,2,3,FINISHED,-1,A,6,4,10,7,7,14,6,8,14,17,22,39,18,27,45,-6,2.0526315789473686,2.3684210526315788,7,11,18,9,2,11,3,6,9,33,28,61,26,23,49,12,3.210526315789474,2.5789473684210527
2024-09-29T13:00:00Z,Como 1907,Hellas Verona FC,3,2,FINISHED,1,H,8,5,13,5,5,10,6,9,15,28,21,49,26,26,52,-3,2.5789473684210527,2.736842105263158,4,6,10,5,2,7,10,11,21,15,19,34,36,30,66,-32,1.7894736842105263,3.473684210526316
2024-09-29T13:00:00Z,AS Roma,Venezia FC,2,1,FINISHED,1,H,13,7,20,2,7,9,4,5,9,37,19,56,15,20,35,21,2.9473684210526314,1.8421052631578947,5,0,5,5,9,14,9,10,19,17,15,32,22,34,56,-24,1.6842105263157894,2.9473684210526314
2024-09-29T16:00:00Z,Empoli FC,ACF Fiorentina,0,0,FINISHED,0,D,2,4,6,7,6,13,10,9,19,10,23,33,26,33,59,-26,1.736842105263158,3.1052631578947367,12,7,19,4,4,8,3,8,11,32,28,60,18,23,41,19,3.1578947368421053,2.1578947368421053
2024-09-29T18:45:00Z,SSC Napoli,AC Monza,2,0,FINISHED,2,H,14,10,24,3,7,10,2,2,4,32,27,59,13,14,27,32,3.1052631578947367,1.4210526315789473,1,2,3,5,4,9,13,13,26,13,15,28,31,38,69,-41,1.4736842105263157,3.6315789473684212
2024-09-30T18:45:00Z,Parma Calcio 1913,Cagliari Calcio,2,3,FINISHED,-1,A,5,2,7,6,9,15,8,8,16,25,19,44,28,30,58,-14,2.3157894736842106,3.0526315789473686,6,3,9,4,5,9,9,11,20,24,16,40,28,28,56,-16,2.1052631578947367,2.9473684210526314
2024-10-04T16:30:00Z,SSC Napoli,Como 1907,3,1,FINISHED,2,H,14,10,24,3,7,10,2,2,4,32,27,59,13,14,27,32,3.1052631578947367,1.4210526315789473,8,5,13,5,5,10,6,9,15,28,21,49,26,26,52,-3,2.5789473684210527,2.736842105263158
2024-10-04T18:45:00Z,Hellas Verona FC,Venezia FC,2,1,FINISHED,1,H,4,6,10,5,2,7,10,11,21,15,19,34,36,30,66,-32,1.7894736842105263,3.473684210526316,5,0,5,5,9,14,9,10,19,17,15,32,22,34,56,-24,1.6842105263157894,2.9473684210526314
2024-10-05T13:00:00Z,Udinese Calcio,US Lecce,1,0,FINISHED,1,H,7,5,12,3,5,8,9,9,18,22,19,41,27,29,56,-15,2.1578947368421053,2.9473684210526314,4,4,8,6,4,10,9,11,20,13,14,27,31,27,58,-31,1.4210526315789473,3.0526315789473686
2024-10-05T16:00:00Z,Atalanta BC,Genoa CFC,5,1,FINISHED,4,H,9,13,22,5,3,8,5,3,8,36,42,78,24,13,37,41,4.105263157894737,1.9473684210526316,5,5,10,7,6,13,7,8,15,21,16,37,25,24,49,-12,1.9473684210526316,2.5789473684210527
2024-10-05T18:45:00Z,FC Internazionale Milano,Torino FC,3,2,FINISHED,1,H,13,11,24,4,5,9,2,3,5,40,39,79,21,14,35,44,4.157894736842105,1.8421052631578947,6,4,10,7,7,14,6,8,14,17,22,39,18,27,45,-6,2.0526315789473686,2.3684210526315788
2024-10-06T10:30:00Z,Juventus FC,Cagliari Calcio,1,1,FINISHED,0,D,11,7,18,7,9,16,1,3,4,31,27,58,15,20,35,23,3.0526315789473686,1.8421052631578947,6,3,9,4,5,9,9,11,20,24,16,40,28,28,56,-16,2.1052631578947367,2.9473684210526314
2024-10-06T13:00:00Z,Bologna FC 1909,Parma Calcio 1913,0,0,FINISHED,0,D,10,6,16,7,7,14,2,6,8,33,24,57,18,29,47,10,3.0,2.473684210526316,5,2,7,6,9,15,8,8,16,25,19,44,28,30,58,-14,2.3157894736842106,3.0526315789473686
2024-10-06T13:00:00Z,SS Lazio,Empoli FC,2,1,FINISHED,1,H,7,11,18,9,2,11,3,6,9,33,28,61,26,23,49,12,3.210526315789474,2.5789473684210527,2,4,6,7,6,13,10,9,19,10,23,33,26,33,59,-26,1.736842105263158,3.1052631578947367
2024-10-06T16:00:00Z,AC Monza,AS Roma,1,1,FINISHED,0,D,1,2,3,5,4,9,13,13,26,13,15,28,31,38,69,-41,1.4736842105263157,3.6315789473684212,13,7,20,2,7,9,4,5,9,37,19,56,15,20,35,21,2.9473684210526314,1.8421052631578947
2024-10-06T18:45:00Z,ACF Fiorentina,AC Milan,2,1,FINISHED,1,H,12,7,19,4,4,8,3,8,11,32,28,60,18,23,41,19,3.1578947368421053,2.1578947368421053,9,9,18,7,2,9,3,8,11,30,31,61,16,27,43,18,3.210526315789474,2.263157894736842
2024-10-19T13:00:00Z,Como 1907,Parma Calcio 1913,1,1,FINISHED,0,D,8,5,13,5,5,10,6,9,15,28,21,49,26,26,52,-3,2.5789473684210527,2.736842105263158,5,2,7,6,9,15,8,8,16,25,19,44,28,30,58,-14,2.3157894736842106,3.0526315789473686
2024-10-19T13:00:00Z,Genoa CFC,Bologna FC 1909,2,2,FINISHED,0,D,5,5,10,7,6,13,7,8,15,21,16,37,25,24,49,-12,1.9473684210526316,2.5789473684210527,10,6,16,7,7,14,2,6,8,33,24,57,18,29,47,10,3.0,2.473684210526316
2024-10-19T16:00:00Z,AC Milan,Udinese Calcio,1,0,FINISHED,1,H,9,9,18,7,2,9,3,8,11,30,31,61,16,27,43,18,3.210526315789474,2.263157894736842,7,5,12,3,5,8,9,9,18,22,19,41,27,29,56,-15,2.1578947368421053,2.9473684210526314
2024-10-19T18:45:00Z,Juventus FC,SS Lazio,1,0,FINISHED,1,H,11,7,18,7,9,16,1,3,4,31,27,58,15,20,35,23,3.0526315789473686,1.8421052631578947,7,11,18,9,2,11,3,6,9,33,28,61,26,23,49,12,3.210526315789474,2.5789473684210527
2024-10-20T10:30:00Z,Empoli FC,SSC Napoli,0,1,FINISHED,-1,A,2,4,6,7,6,13,10,9,19,10,23,33,26,33,59,-26,1.736842105263158,3.1052631578947367,14,10,24,3,7,10,2,2,4,32,27,59,13,14,27,32,3.1052631578947367,1.4210526315789473
2024-10-20T13:00:00Z,US Lecce,ACF Fiorentina,0,6,FINISHED,-6,A,4,4,8,6,4,10,9,11,20,13,14,27,31,27,58,-31,1.4210526315789473,3.0526315789473686,12,7,19,4,4,8,3,8,11,32,28,60,18,23,41,19,3.1578947368421053,2.1578947368421053
2024-10-20T13:00:00Z,Venezia FC,Atalanta BC,0,2,FINISHED,-2,A,5,0,5,5,9,14,9,10,19,17,15,32,22,34,56,-24,1.6842105263157894,2.9473684210526314,9,13,22,5,3,8,5,3,8,36,42,78,24,13,37,41,4.105263157894737,1.9473684210526316
2024-10-20T16:00:00Z,Cagliari Calcio,Torino FC,3,2,FINISHED,1,H,6,3,9,4,5,9,9,11,20,24,16,40,28,28,56,-16,2.1052631578947367,2.9473684210526314,6,4,10,7,7,14,6,8,14,17,22,39,18,27,45,-6,2.0526315789473686,2.3684210526315788
2024-10-20T18:45:00Z,AS Roma,FC Internazionale Milano,0,1,FINISHED,-1,A,13,7,20,2,7,9,4,5,9,37,19,56,15,20,35,21,2.9473684210526314,1.8421052631578947,13,11,24,4,5,9,2,3,5,40,39,79,21,14,35,44,4.157894736842105,1.8421052631578947
2024-10-21T18:45:00Z,Hellas Verona FC,AC Monza,0,3,FINISHED,-3,A,4,6,10,5,2,7,10,11,21,15,19,34,36,30,66,-32,1.7894736842105263,3.473684210526316,1,2,3,5,4,9,13,13,26,13,15,28,31,38,69,-41,1.4736842105263157,3.6315789473684212
2024-10-25T16:30:00Z,Udinese Calcio,Cagliari Calcio,2,0,FINISHED,2,H,7,5,12,3,5,8,9,9,18,22,19,41,27,29,56,-15,2.1578947368421053,2.9473684210526314,6,3,9,4,5,9,9,11,20,24,16,40,28,28,56,-16,2.1052631578947367,2.9473684210526314
2024-10-25T18:45:00Z,Torino FC,Como 1907,1,0,FINISHED,1,H,6,4,10,7,7,14,6,8,14,17,22,39,18,27,45,-6,2.0526315789473686,2.3684210526315788,8,5,13,5,5,10,6,9,15,28,21,49,26,26,52,-3,2.5789473684210527,2.736842105263158
2024-10-26T13:00:00Z,SSC Napoli,US Lecce,1,0,FINISHED,1,H,14,10,24,3,7,10,2,2,4,32,27,59,13,14,27,32,3.1052631578947367,1.4210526315789473,4,4,8,6,4,10,9,11,20,13,14,27,31,27,58,-31,1.4210526315789473,3.0526315789473686
2024-10-26T18:45:00Z,Atalanta BC,Hellas Verona FC,6,1,FINISHED,5,H,9,13,22,5,3,8,5,3,8,36,42,78,24,13,37,41,4.105263157894737,1.9473684210526316,4,6,10,5,2,7,10,11,21,15,19,34,36,30,66,-32,1.7894736842105263,3.473684210526316
2024-10-27T11:30:00Z,Parma Calcio 1913,Empoli FC,1,1,FINISHED,0,D,5,2,7,6,9,15,8,8,16,25,19,44,28,30,58,-14,2.3157894736842106,3.0526315789473686,2,4,6,7,6,13,10,9,19,10,23,33,26,33,59,-26,1.736842105263158,3.1052631578947367
2024-10-27T14:00:00Z,SS Lazio,Genoa CFC,3,0,FINISHED,3,H,7,11,18,9,2,11,3,6,9,33,28,61,26,23,49,12,3.210526315789474,2.5789473684210527,5,5,10,7,6,13,7,8,15,21,16,37,25,24,49,-12,1.9473684210526316,2.5789473684210527
2024-10-27T14:00:00Z,AC Monza,Venezia FC,2,2,FINISHED,0,D,1,2,3,5,4,9,13,13,26,13,15,28,31,38,69,-41,1.4736842105263157,3.6315789473684212,5,0,5,5,9,14,9,10,19,17,15,32,22,34,56,-24,1.6842105263157894,2.9473684210526314
2024-10-27T17:00:00Z,FC Internazionale Milano,Juventus FC,4,4,FINISHED,0,D,13,11,24,4,5,9,2,3,5,40,39,79,21,14,35,44,4.157894736842105,1.8421052631578947,11,7,18,7,9,16,1,3,4,31,27,58,15,20,35,23,3.0526315789473686,1.8421052631578947
2024-10-27T19:45:00Z,ACF Fiorentina,AS Roma,5,1,FINISHED,4,H,12,7,19,4,4,8,3,8,11,32,28,60,18,23,41,19,3.1578947368421053,2.1578947368421053,13,7,20,2,7,9,4,5,9,37,19,56,15,20,35,21,2.9473684210526314,1.8421052631578947
2024-10-29T17:30:00Z,Cagliari Calcio,Bologna FC 1909,0,2,FINISHED,-2,A,6,3,9,4,5,9,9,11,20,24,16,40,28,28,56,-16,2.1052631578947367,2.9473684210526314,10,6,16,7,7,14,2,6,8,33,24,57,18,29,47,10,3.0,2.473684210526316
2024-10-29T17:30:00Z,US Lecce,Hellas Verona FC,1,0,FINISHED,1,H,4,4,8,6,4,10,9,11,20,13,14,27,31,27,58,-31,1.4210526315789473,3.0526315789473686,4,6,10,5,2,7,10,11,21,15,19,34,36,30,66,-32,1.7894736842105263,3.473684210526316
2024-10-29T19:45:00Z,AC Milan,SSC Napoli,0,2,FINISHED,-2,A,9,9,18,7,2,9,3,8,11,30,31,61,16,27,43,18,3.210526315789474,2.263157894736842,14,10,24,3,7,10,2,2,4,32,27,59,13,14,27,32,3.1052631578947367,1.4210526315789473
2024-10-30T17:30:00Z,Empoli FC,FC Internazionale Milano,0,3,FINISHED,-3,A,2,4,6,7,6,13,10,9,19,10,23,33,26,33,59,-26,1.736842105263158,3.1052631578947367,13,11,24,4,5,9,2,3,5,40,39,79,21,14,35,44,4.157894736842105,1.8421052631578947
2024-10-30T17:30:00Z,Venezia FC,Udinese Calcio,3,2,FINISHED,1,H,5,0,5,5,9,14,9,10,19,17,15,32,22,34,56,-24,1.6842105263157894,2.9473684210526314,7,5,12,3,5,8,9,9,18,22,19,41,27,29,56,-15,2.1578947368421053,2.9473684210526314
2024-10-30T19:45:00Z,Atalanta BC,AC Monza,2,0,FINISHED,2,H,9,13,22,5,3,8,5,3,8,36,42,78,24,13,37,41,4.105263157894737,1.9473684210526316,1,2,3,5,4,9,13,13,26,13,15,28,31,38,69,-41,1.4736842105263157,3.6315789473684212
2024-10-30T19:45:00Z,Juventus FC,Parma Calcio 1913,2,2,FINISHED,0,D,11,7,18,7,9,16,1,3,4,31,27,58,15,20,35,23,3.0526315789473686,1.8421052631578947,5,2,7,6,9,15,8,8,16,25,19,44,28,30,58,-14,2.3157894736842106,3.0526315789473686
2024-10-31T17:30:00Z,Genoa CFC,ACF Fiorentina,0,1,FINISHED,-1,A,5,5,10,7,6,13,7,8,15,21,16,37,25,24,49,-12,1.9473684210526316,2.5789473684210527,12,7,19,4,4,8,3,8,11,32,28,60,18,23,41,19,3.1578947368421053,2.1578947368421053
2024-10-31T19:45:00Z,Como 1907,SS Lazio,1,5,FINISHED,-4,A,8,5,13,5,5,10,6,9,15,28,21,49,26,26,52,-3,2.5789473684210527,2.736842105263158,7,11,18,9,2,11,3,6,9,33,28,61,26,23,49,12,3.210526315789474,2.5789473684210527
2024-10-31T19:45:00Z,AS Roma,Torino FC,1,0,FINISHED,1,H,13,7,20,2,7,9,4,5,9,37,19,56,15,20,35,21,2.9473684210526314,1.8421052631578947,6,4,10,7,7,14,6,8,14,17,22,39,18,27,45,-6,2.0526315789473686,2.3684210526315788
2024-11-02T14:00:00Z,Bologna FC 1909,US Lecce,1,0,FINISHED,1,H,10,6,16,7,7,14,2,6,8,33,24,57,18,29,47,10,3.0,2.473684210526316,4,4,8,6,4,10,9,11,20,13,14,27,31,27,58,-31,1.4210526315789473,3.0526315789473686
2024-11-02T17:00:00Z,Udinese Calcio,Juventus FC,0,2,FINISHED,-2,A,7,5,12,3,5,8,9,9,18,22,19,41,27,29,56,-15,2.1578947368421053,2.9473684210526314,11,7,18,7,9,16,1,3,4,31,27,58,15,20,35,23,3.0526315789473686,1.8421052631578947
2024-11-02T19:45:00Z,AC Monza,AC Milan,0,1,FINISHED,-1,A,1,2,3,5,4,9,13,13,26,13,15,28,31,38,69,-41,1.4736842105263157,3.6315789473684212,9,9,18,7,2,9,3,8,11,30,31,61,16,27,43,18,3.210526315789474,2.263157894736842
2024-11-03T11:30:00Z,SSC Napoli,Atalanta BC,0,3,FINISHED,-3,A,14,10,24,3,7,10,2,2,4,32,27,59,13,14,27,32,3.1052631578947367,1.4210526315789473,9,13,22,5,3,8,5,3,8,36,42,78,24,13,37,41,4.105263157894737,1.9473684210526316
2024-11-03T14:00:00Z,Torino FC,ACF Fiorentina,0,1,FINISHED,-1,A,6,4,10,7,7,14,6,8,14,17,22,39,18,27,45,-6,2.0526315789473686,2.3684210526315788,12,7,19,4,4,8,3,8,11,32,28,60,18,23,41,19,3.1578947368421053,2.1578947368421053
2024-11-03T17:00:00Z,Hellas Verona FC,AS Roma,3,2,FINISHED,1,H,4,6,10,5,2,7,10,11,21,15,19,34,36,30,66,-32,1.7894736842105263,3.473684210526316,13,7,20,2,7,9,4,5,9,37,19,56,15,20,35,21,2.9473684210526314,1.8421052631578947
2024-11-03T19:45:00Z,FC Internazionale Milano,Venezia FC,1,0,FINISHED,1,H,13,11,24,4,5,9,2,3,5,40,39,79,21,14,35,44,4.157894736842105,1.8421052631578947,5,0,5,5,9,14,9,10,19,17,15,32,22,34,56,-24,1.6842105263157894,2.9473684210526314
2024-11-04T17:30:00Z,Empoli FC,Como 1907,1,0,FINISHED,1,H,2,4,6,7,6,13,10,9,19,10,23,33,26,33,59,-26,1.736842105263158,3.1052631578947367,8,5,13,5,5,10,6,9,15,28,21,49,26,26,52,-3,2.5789473684210527,2.736842105263158
2024-11-04T17:30:00Z,Parma Calcio 1913,Genoa CFC,0,1,FINISHED,-1,A,5,2,7,6,9,15,8,8,16,25,19,44,28,30,58,-14,2.3157894736842106,3.0526315789473686,5,5,10,7,6,13,7,8,15,21,16,37,25,24,49,-12,1.9473684210526316,2.5789473684210527
2024-11-04T19:45:00Z,SS Lazio,Cagliari Calcio,2,1,FINISHED,1,H,7,11,18,9,2,11,3,6,9,33,28,61,26,23,49,12,3.210526315789474,2.5789473684210527,6,3,9,4,5,9,9,11,20,24,16,40,28,28,56,-16,2.1052631578947367,2.9473684210526314
2024-11-07T19:45:00Z,Genoa CFC,Como 1907,1,1,FINISHED,0,D,5,5,10,7,6,13,7,8,15,21,16,37,25,24,49,-12,1.9473684210526316,2.5789473684210527,8,5,13,5,5,10,6,9,15,28,21,49,26,26,52,-3,2.5789473684210527,2.736842105263158
2024-11-08T19:45:00Z,US Lecce,Empoli FC,1,1,FINISHED,0,D,4,4,8,6,4,10,9,11,20,13,14,27,31,27,58,-31,1.4210526315789473,3.0526315789473686,2,4,6,7,6,13,10,9,19,10,23,33,26,33,59,-26,1.736842105263158,3.1052631578947367
2024-11-09T14:00:00Z,Venezia FC,Parma Calcio 1913,1,2,FINISHED,-1,A,5,0,5,5,9,14,9,10,19,17,15,32,22,34,56,-24,1.6842105263157894,2.9473684210526314,5,2,7,6,9,15,8,8,16,25,19,44,28,30,58,-14,2.3157894736842106,3.0526315789473686
2024-11-09T17:00:00Z,Cagliari Calcio,AC Milan,3,3,FINISHED,0,D,6,3,9,4,5,9,9,11,20,24,16,40,28,28,56,-16,2.1052631578947367,2.9473684210526314,9,9,18,7,2,9,3,8,11,30,31,61,16,27,43,18,3.210526315789474,2.263157894736842
2024-11-09T19:45:00Z,Juventus FC,Torino FC,2,0,FINISHED,2,H,11,7,18,7,9,16,1,3,4,31,27,58,15,20,35,23,3.0526315789473686,1.8421052631578947,6,4,10,7,7,14,6,8,14,17,22,39,18,27,45,-6,2.0526315789473686,2.3684210526315788
2024-11-10T11:30:00Z,Atalanta BC,Udinese Calcio,2,1,FINISHED,1,H,9,13,22,5,3,8,5,3,8,36,42,78,24,13,37,41,4.105263157894737,1.9473684210526316,7,5,12,3,5,8,9,9,18,22,19,41,27,29,56,-15,2.1578947368421053,2.9473684210526314
2024-11-10T14:00:00Z,ACF Fiorentina,Hellas Verona FC,3,1,FINISHED,2,H,12,7,19,4,4,8,3,8,11,32,28,60,18,23,41,19,3.1578947368421053,2.1578947368421053,4,6,10,5,2,7,10,11,21,15,19,34,36,30,66,-32,1.7894736842105263,3.473684210526316
2024-11-10T14:00:00Z,AS Roma,Bologna FC 1909,2,3,FINISHED,-1,A,13,7,20,2,7,9,4,5,9,37,19,56,15,20,35,21,2.9473684210526314,1.8421052631578947,10,6,16,7,7,14,2,6,8,33,24,57,18,29,47,10,3.0,2.473684210526316
2024-11-10T17:00:00Z,AC Monza,SS Lazio,0,1,FINISHED,-1,A,1,2,3,5,4,9,13,13,26,13,15,28,31,38,69,-41,1.4736842105263157,3.6315789473684212,7,11,18,9,2,11,3,6,9,33,28,61,26,23,49,12,3.210526315789474,2.5789473684210527
2024-11-10T19:45:00Z,FC Internazionale Milano,SSC Napoli,1,1,FINISHED,0,D,13,11,24,4,5,9,2,3,5,40,39,79,21,14,35,44,4.157894736842105,1.8421052631578947,14,10,24,3,7,10,2,2,4,32,27,59,13,14,27,32,3.1052631578947367,1.4210526315789473
2024-11-23T14:00:00Z,Hellas Verona FC,FC Internazionale Milano,0,5,FINISHED,-5,A,4,6,10,5,2,7,10,11,21,15,19,34,36,30,66,-32,1.7894736842105263,3.473684210526316,13,11,24,4,5,9,2,3,5,40,39,79,21,14,35,44,4.157894736842105,1.8421052631578947
2024-11-23T17:00:00Z,AC Milan,Juventus FC,0,0,FINISHED,0,D,9,9,18,7,2,9,3,8,11,30,31,61,16,27,43,18,3.210526315789474,2.263157894736842,11,7,18,7,9,16,1,3,4,31,27,58,15,20,35,23,3.0526315789473686,1.8421052631578947
2024-11-23T19:45:00Z,Parma Calcio 1913,Atalanta BC,1,3,FINISHED,-2,A,5,2,7,6,9,15,8,8,16,25,19,44,28,30,58,-14,2.3157894736842106,3.0526315789473686,9,13,22,5,3,8,5,3,8,36,42,78,24,13,37,41,4.105263157894737,1.9473684210526316
2024-11-24T11:30:00Z,Genoa CFC,Cagliari Calcio,2,2,FINISHED,0,D,5,5,10,7,6,13,7,8,15,21,16,37,25,24,49,-12,1.9473684210526316,2.5789473684210527,6,3,9,4,5,9,9,11,20,24,16,40,28,28,56,-16,2.1052631578947367,2.9473684210526314
2024-11-24T14:00:00Z,Como 1907,ACF Fiorentina,0,2,FINISHED,-2,A,8,5,13,5,5,10,6,9,15,28,21,49,26,26,52,-3,2.5789473684210527,2.736842105263158,12,7,19,4,4,8,3,8,11,32,28,60,18,23,41,19,3.1578947368421053,2.1578947368421053
2024-11-24T14:00:00Z,Torino FC,AC Monza,1,1,FINISHED,0,D,6,4,10,7,7,14,6,8,14,17,22,39,18,27,45,-6,2.0526315789473686,2.3684210526315788,1,2,3,5,4,9,13,13,26,13,15,28,31,38,69,-41,1.4736842105263157,3.6315789473684212
2024-11-24T17:00:00Z,SSC Napoli,AS Roma,1,0,FINISHED,1,H,14,10,24,3,7,10,2,2,4,32,27,59,13,14,27,32,3.1052631578947367,1.4210526315789473,13,7,20,2,7,9,4,5,9,37,19,56,15,20,35,21,2.9473684210526314,1.8421052631578947
2024-11-24T19:45:00Z,SS Lazio,Bologna FC 1909,3,0,FINISHED,3,H,7,11,18,9,2,11,3,6,9,33,28,61,26,23,49,12,3.210526315789474,2.5789473684210527,10,6,16,7,7,14,2,6,8,33,24,57,18,29,47,10,3.0,2.473684210526316
2024-11-25T17:30:00Z,Empoli FC,Udinese Calcio,1,1,FINISHED,0,D,2,4,6,7,6,13,10,9,19,10,23,33,26,33,59,-26,1.736842105263158,3.1052631578947367,7,5,12,3,5,8,9,9,18,22,19,41,27,29,56,-15,2.1578947368421053,2.9473684210526314
2024-11-25T19:45:00Z,Venezia FC,US Lecce,0,1,FINISHED,-1,A,5,0,5,5,9,14,9,10,19,17,15,32,22,34,56,-24,1.6842105263157894,2.9473684210526314,4,4,8,6,4,10,9,11,20,13,14,27,31,27,58,-31,1.4210526315789473,3.0526315789473686
2024-11-29T19:45:00Z,Cagliari Calcio,Hellas Verona FC,1,0,FINISHED,1,H,6,3,9,4,5,9,9,11,20,24,16,40,28,28,56,-16,2.1052631578947367,2.9473684210526314,4,6,10,5,2,7,10,11,21,15,19,34,36,30,66,-32,1.7894736842105263,3.473684210526316
2024-11-30T14:00:00Z,Como 1907,AC Monza,1,1,FINISHED,0,D,8,5,13,5,5,10,6,9,15,28,21,49,26,26,52,-3,2.5789473684210527,2.736842105263158,1,2,3,5,4,9,13,13,26,13,15,28,31,38,69,-41,1.4736842105263157,3.6315789473684212
2024-11-30T17:00:00Z,AC Milan,Empoli FC,3,0,FINISHED,3,H,9,9,18,7,2,9,3,8,11,30,31,61,16,27,43,18,3.210526315789474,2.263157894736842,2,4,6,7,6,13,10,9,19,10,23,33,26,33,59,-26,1.736842105263158,3.1052631578947367
2024-11-30T19:45:00Z,Bologna FC 1909,Venezia FC,3,0,FINISHED,3,H,10,6,16,7,7,14,2,6,8,33,24,57,18,29,47,10,3.0,2.473684210526316,5,0,5,5,9,14,9,10,19,17,15,32,22,34,56,-24,1.6842105263157894,2.9473684210526314
2024-12-01T11:30:00Z,Udinese Calcio,Genoa CFC,0,2,FINISHED,-2,A,7,5,12,3,5,8,9,9,18,22,19,41,27,29,56,-15,2.1578947368421053,2.9473684210526314,5,5,10,7,6,13,7,8,15,21,16,37,25,24,49,-12,1.9473684210526316,2.5789473684210527
2024-12-01T14:00:00Z,Parma Calcio 1913,SS Lazio,3,1,FINISHED,2,H,5,2,7,6,9,15,8,8,16,25,19,44,28,30,58,-14,2.3157894736842106,3.0526315789473686,7,11,18,9,2,11,3,6,9,33,28,61,26,23,49,12,3.210526315789474,2.5789473684210527
2024-12-01T14:00:00Z,Torino FC,SSC Napoli,0,1,FINISHED,-1,A,6,4,10,7,7,14,6,8,14,17,22,39,18,27,45,-6,2.0526315789473686,2.3684210526315788,14,10,24,3,7,10,2,2,4,32,27,59,13,14,27,32,3.1052631578947367,1.4210526315789473
2024-12-01T19:45:00Z,US Lecce,Juventus FC,1,1,FINISHED,0,D,4,4,8,6,4,10,9,11,20,13,14,27,31,27,58,-31,1.4210526315789473,3.0526315789473686,11,7,18,7,9,16,1,3,4,31,27,58,15,20,35,23,3.0526315789473686,1.8421052631578947
2024-12-02T19:45:00Z,AS Roma,Atalanta BC,0,2,FINISHED,-2,A,13,7,20,2,7,9,4,5,9,37,19,56,15,20,35,21,2.9473684210526314,1.8421052631578947,9,13,22,5,3,8,5,3,8,36,42,78,24,13,37,41,4.105263157894737,1.9473684210526316
2024-12-06T17:30:00Z,FC Internazionale Milano,Parma Calcio 1913,3,1,FINISHED,2,H,13,11,24,4,5,9,2,3,5,40,39,79,21,14,35,44,4.157894736842105,1.8421052631578947,5,2,7,6,9,15,8,8,16,25,19,44,28,30,58,-14,2.3157894736842106,3.0526315789473686
2024-12-06T19:45:00Z,Atalanta BC,AC Milan,2,1,FINISHED,1,H,9,13,22,5,3,8,5,3,8,36,42,78,24,13,37,41,4.105263157894737,1.9473684210526316,9,9,18,7,2,9,3,8,11,30,31,61,16,27,43,18,3.210526315789474,2.263157894736842
2024-12-07T14:00:00Z,Genoa CFC,Torino FC,0,0,FINISHED,0,D,5,5,10,7,6,13,7,8,15,21,16,37,25,24,49,-12,1.9473684210526316,2.5789473684210527,6,4,10,7,7,14,6,8,14,17,22,39,18,27,45,-6,2.0526315789473686,2.3684210526315788
2024-12-07T17:00:00Z,Juventus FC,Bologna FC 1909,2,2,FINISHED,0,D,11,7,18,7,9,16,1,3,4,31,27,58,15,20,35,23,3.0526315789473686,1.8421052631578947,10,6,16,7,7,14,2,6,8,33,24,57,18,29,47,10,3.0,2.473684210526316
2024-12-07T19:45:00Z,AS Roma,US Lecce,4,1,FINISHED,3,H,13,7,20,2,7,9,4,5,9,37,19,56,15,20,35,21,2.9473684210526314,1.8421052631578947,4,4,8,6,4,10,9,11,20,13,14,27,31,27,58,-31,1.4210526315789473,3.0526315789473686
2024-12-08T11:30:00Z,ACF Fiorentina,Cagliari Calcio,1,0,FINISHED,1,H,12,7,19,4,4,8,3,8,11,32,28,60,18,23,41,19,3.1578947368421053,2.1578947368421053,6,3,9,4,5,9,9,11,20,24,16,40,28,28,56,-16,2.1052631578947367,2.9473684210526314
2024-12-08T14:00:00Z,Hellas Verona FC,Empoli FC,1,4,FINISHED,-3,A,4,6,10,5,2,7,10,11,21,15,19,34,36,30,66,-32,1.7894736842105263,3.473684210526316,2,4,6,7,6,13,10,9,19,10,23,33,26,33,59,-26,1.736842105263158,3.1052631578947367
2024-12-08T17:00:00Z,Venezia FC,Como 1907,2,2,FINISHED,0,D,5,0,5,5,9,14,9,10,19,17,15,32,22,34,56,-24,1.6842105263157894,2.9473684210526314,8,5,13,5,5,10,6,9,15,28,21,49,26,26,52,-3,2.5789473684210527,2.736842105263158
2024-12-08T19:45:00Z,SSC Napoli,SS Lazio,0,1,FINISHED,-1,A,14,10,24,3,7,10,2,2,4,32,27,59,13,14,27,32,3.1052631578947367,1.4210526315789473,7,11,18,9,2,11,3,6,9,33,28,61,26,23,49,12,3.210526315789474,2.5789473684210527
2024-12-09T19:45:00Z,AC Monza,Udinese Calcio,1,2,FINISHED,-1,A,1,2,3,5,4,9,13,13,26,13,15,28,31,38,69,-41,1.4736842105263157,3.6315789473684212,7,5,12,3,5,8,9,9,18,22,19,41,27,29,56,-15,2.1578947368421053,2.9473684210526314
2024-12-13T19:45:00Z,Empoli FC,Torino FC,0,1,FINISHED,-1,A,2,4,6,7,6,13,10,9,19,10,23,33,26,33,59,-26,1.736842105263158,3.1052631578947367,6,4,10,7,7,14,6,8,14,17,22,39,18,27,45,-6,2.0526315789473686,2.3684210526315788
2024-12-14T14:00:00Z,Cagliari Calcio,Atalanta BC,0,1,FINISHED,-1,A,6,3,9,4,5,9,9,11,20,24,16,40,28,28,56,-16,2.1052631578947367,2.9473684210526314,9,13,22,5,3,8,5,3,8,36,42,78,24,13,37,41,4.105263157894737,1.9473684210526316
2024-12-14T17:00:00Z,Udinese Calcio,SSC Napoli,1,3,FINISHED,-2,A,7,5,12,3,5,8,9,9,18,22,19,41,27,29,56,-15,2.1578947368421053,2.9473684210526314,14,10,24,3,7,10,2,2,4,32,27,59,13,14,27,32,3.1052631578947367,1.4210526315789473
2024-12-14T19:45:00Z,Juventus FC,Venezia FC,2,2,FINISHED,0,D,11,7,18,7,9,16,1,3,4,31,27,58,15,20,35,23,3.0526315789473686,1.8421052631578947,5,0,5,5,9,14,9,10,19,17,15,32,22,34,56,-24,1.6842105263157894,2.9473684210526314
2024-12-15T11:30:00Z,US Lecce,AC Monza,2,1,FINISHED,1,H,4,4,8,6,4,10,9,11,20,13,14,27,31,27,58,-31,1.4210526315789473,3.0526315789473686,1,2,3,5,4,9,13,13,26,13,15,28,31,38,69,-41,1.4736842105263157,3.6315789473684212
2024-12-15T14:00:00Z,Bologna FC 1909,ACF Fiorentina,1,0,FINISHED,1,H,10,6,16,7,7,14,2,6,8,33,24,57,18,29,47,10,3.0,2.473684210526316,12,7,19,4,4,8,3,8,11,32,28,60,18,23,41,19,3.1578947368421053,2.1578947368421053
2024-12-15T14:00:00Z,Parma Calcio 1913,Hellas Verona FC,2,3,FINISHED,-1,A,5,2,7,6,9,15,8,8,16,25,19,44,28,30,58,-14,2.3157894736842106,3.0526315789473686,4,6,10,5,2,7,10,11,21,15,19,34,36,30,66,-32,1.7894736842105263,3.473684210526316
2024-12-15T17:00:00Z,Como 1907,AS Roma,2,0,FINISHED,2,H,8,5,13,5,5,10,6,9,15,28,21,49,26,26,52,-3,2.5789473684210527,2.736842105263158,13,7,20,2,7,9,4,5,9,37,19,56,15,20,35,21,2.9473684210526314,1.8421052631578947
2024-12-15T19:45:00Z,AC Milan,Genoa CFC,0,0,FINISHED,0,D,9,9,18,7,2,9,3,8,11,30,31,61,16,27,43,18,3.210526315789474,2.263157894736842,5,5,10,7,6,13,7,8,15,21,16,37,25,24,49,-12,1.9473684210526316,2.5789473684210527
2024-12-16T19:45:00Z,SS Lazio,FC Internazionale Milano,0,6,FINISHED,-6,A,7,11,18,9,2,11,3,6,9,33,28,61,26,23,49,12,3.210526315789474,2.5789473684210527,13,11,24,4,5,9,2,3,5,40,39,79,21,14,35,44,4.157894736842105,1.8421052631578947
2024-12-20T19:45:00Z,Hellas Verona FC,AC Milan,0,1,FINISHED,-1,A,4,6,10,5,2,7,10,11,21,15,19,34,36,30,66,-32,1.7894736842105263,3.473684210526316,9,9,18,7,2,9,3,8,11,30,31,61,16,27,43,18,3.210526315789474,2.263157894736842
2024-12-21T14:00:00Z,Torino FC,Bologna FC 1909,0,2,FINISHED,-2,A,6,4,10,7,7,14,6,8,14,17,22,39,18,27,45,-6,2.0526315789473686,2.3684210526315788,10,6,16,7,7,14,2,6,8,33,24,57,18,29,47,10,3.0,2.473684210526316
2024-12-21T17:00:00Z,Genoa CFC,SSC Napoli,1,2,FINISHED,-1,A,5,5,10,7,6,13,7,8,15,21,16,37,25,24,49,-12,1.9473684210526316,2.5789473684210527,14,10,24,3,7,10,2,2,4,32,27,59,13,14,27,32,3.1052631578947367,1.4210526315789473
2024-12-21T19:45:00Z,US Lecce,SS Lazio,1,2,FINISHED,-1,A,4,4,8,6,4,10,9,11,20,13,14,27,31,27,58,-31,1.4210526315789473,3.0526315789473686,7,11,18,9,2,11,3,6,9,33,28,61,26,23,49,12,3.210526315789474,2.5789473684210527
2024-12-22T11:30:00Z,AS Roma,Parma Calcio 1913,5,0,FINISHED,5,H,13,7,20,2,7,9,4,5,9,37,19,56,15,20,35,21,2.9473684210526314,1.8421052631578947,5,2,7,6,9,15,8,8,16,25,19,44,28,30,58,-14,2.3157894736842106,3.0526315789473686
2024-12-22T14:00:00Z,Venezia FC,Cagliari Calcio,2,1,FINISHED,1,H,5,0,5,5,9,14,9,10,19,17,15,32,22,34,56,-24,1.6842105263157894,2.9473684210526314,6,3,9,4,5,9,9,11,20,24,16,40,28,28,56,-16,2.1052631578947367,2.9473684210526314
2024-12-22T17:00:00Z,Atalanta BC,Empoli FC,3,2,FINISHED,1,H,9,13,22,5,3,8,5,3,8,36,42,78,24,13,37,41,4.105263157894737,1.9473684210526316,2,4,6,7,6,13,10,9,19,10,23,33,26,33,59,-26,1.736842105263158,3.1052631578947367
2024-12-22T19:45:00Z,AC Monza,Juventus FC,1,2,FINISHED,-1,A,1,2,3,5,4,9,13,13,26,13,15,28,31,38,69,-41,1.4736842105263157,3.6315789473684212,11,7,18,7,9,16,1,3,4,31,27,58,15,20,35,23,3.0526315789473686,1.8421052631578947
2024-12-23T17:30:00Z,ACF Fiorentina,Udinese Calcio,1,2,FINISHED,-1,A,12,7,19,4,4,8,3,8,11,32,28,60,18,23,41,19,3.1578947368421053,2.1578947368421053,7,5,12,3,5,8,9,9,18,22,19,41,27,29,56,-15,2.1578947368421053,2.9473684210526314
2024-12-23T19:45:00Z,FC Internazionale Milano,Como 1907,2,0,FINISHED,2,H,13,11,24,4,5,9,2,3,5,40,39,79,21,14,35,44,4.157894736842105,1.8421052631578947,8,5,13,5,5,10,6,9,15,28,21,49,26,26,52,-3,2.5789473684210527,2.736842105263158
2024-12-28T14:00:00Z,Empoli FC,Genoa CFC,1,2,FINISHED,-1,A,2,4,6,7,6,13,10,9,19,10,23,33,26,33,59,-26,1.736842105263158,3.1052631578947367,5,5,10,7,6,13,7,8,15,21,16,37,25,24,49,-12,1.9473684210526316,2.5789473684210527
2024-12-28T14:00:00Z,Parma Calcio 1913,AC Monza,2,1,FINISHED,1,H,5,2,7,6,9,15,8,8,16,25,19,44,28,30,58,-14,2.3157894736842106,3.0526315789473686,1,2,3,5,4,9,13,13,26,13,15,28,31,38,69,-41,1.4736842105263157,3.6315789473684212
2024-12-28T17:00:00Z,Cagliari Calcio,FC Internazionale Milano,0,3,FINISHED,-3,A,6,3,9,4,5,9,9,11,20,24,16,40,28,28,56,-16,2.1052631578947367,2.9473684210526314,13,11,24,4,5,9,2,3,5,40,39,79,21,14,35,44,4.157894736842105,1.8421052631578947
2024-12-28T19:45:00Z,SS Lazio,Atalanta BC,1,1,FINISHED,0,D,7,11,18,9,2,11,3,6,9,33,28,61,26,23,49,12,3.210526315789474,2.5789473684210527,9,13,22,5,3,8,5,3,8,36,42,78,24,13,37,41,4.105263157894737,1.9473684210526316
2024-12-29T11:30:00Z,Udinese Calcio,Torino FC,2,2,FINISHED,0,D,7,5,12,3,5,8,9,9,18,22,19,41,27,29,56,-15,2.1578947368421053,2.9473684210526314,6,4,10,7,7,14,6,8,14,17,22,39,18,27,45,-6,2.0526315789473686,2.3684210526315788
2024-12-29T14:00:00Z,SSC Napoli,Venezia FC,1,0,FINISHED,1,H,14,10,24,3,7,10,2,2,4,32,27,59,13,14,27,32,3.1052631578947367,1.4210526315789473,5,0,5,5,9,14,9,10,19,17,15,32,22,34,56,-24,1.6842105263157894,2.9473684210526314
2024-12-29T17:00:00Z,Juventus FC,ACF Fiorentina,2,2,FINISHED,0,D,11,7,18,7,9,16,1,3,4,31,27,58,15,20,35,23,3.0526315789473686,1.8421052631578947,12,7,19,4,4,8,3,8,11,32,28,60,18,23,41,19,3.1578947368421053,2.1578947368421053
2024-12-29T19:45:00Z,AC Milan,AS Roma,1,1,FINISHED,0,D,9,9,18,7,2,9,3,8,11,30,31,61,16,27,43,18,3.210526315789474,2.263157894736842,13,7,20,2,7,9,4,5,9,37,19,56,15,20,35,21,2.9473684210526314,1.8421052631578947
2024-12-30T17:30:00Z,Como 1907,US Lecce,2,0,FINISHED,2,H,8,5,13,5,5,10,6,9,15,28,21,49,26,26,52,-3,2.5789473684210527,2.736842105263158,4,4,8,6,4,10,9,11,20,13,14,27,31,27,58,-31,1.4210526315789473,3.0526315789473686
2024-12-30T19:45:00Z,Bologna FC 1909,Hellas Verona FC,2,3,FINISHED,-1,A,10,6,16,7,7,14,2,6,8,33,24,57,18,29,47,10,3.0,2.473684210526316,4,6,10,5,2,7,10,11,21,15,19,34,36,30,66,-32,1.7894736842105263,3.473684210526316
2025-01-04T14:00:00Z,Venezia FC,Empoli FC,1,1,FINISHED,0,D,5,0,5,5,9,14,9,10,19,17,15,32,22,34,56,-24,1.6842105263157894,2.9473684210526314,2,4,6,7,6,13,10,9,19,10,23,33,26,33,59,-26,1.736842105263158,3.1052631578947367
2025-01-04T17:00:00Z,ACF Fiorentina,SSC Napoli,0,3,FINISHED,-3,A,12,7,19,4,4,8,3,8,11,32,28,60,18,23,41,19,3.1578947368421053,2.1578947368421053,14,10,24,3,7,10,2,2,4,32,27,59,13,14,27,32,3.1052631578947367,1.4210526315789473
2025-01-04T19:45:00Z,Hellas Verona FC,Udinese Calcio,0,0,FINISHED,0,D,4,6,10,5,2,7,10,11,21,15,19,34,36,30,66,-32,1.7894736842105263,3.473684210526316,7,5,12,3,5,8,9,9,18,22,19,41,27,29,56,-15,2.1578947368421053,2.9473684210526314
2025-01-05T11:30:00Z,AC Monza,Cagliari Calcio,1,2,FINISHED,-1,A,1,2,3,5,4,9,13,13,26,13,15,28,31,38,69,-41,1.4736842105263157,3.6315789473684212,6,3,9,4,5,9,9,11,20,24,16,40,28,28,56,-16,2.1052631578947367,2.9473684210526314
2025-01-05T14:00:00Z,US Lecce,Genoa CFC,0,0,FINISHED,0,D,4,4,8,6,4,10,9,11,20,13,14,27,31,27,58,-31,1.4210526315789473,3.0526315789473686,5,5,10,7,6,13,7,8,15,21,16,37,25,24,49,-12,1.9473684210526316,2.5789473684210527
2025-01-05T17:00:00Z,Torino FC,Parma Calcio 1913,0,0,FINISHED,0,D,6,4,10,7,7,14,6,8,14,17,22,39,18,27,45,-6,2.0526315789473686,2.3684210526315788,5,2,7,6,9,15,8,8,16,25,19,44,28,30,58,-14,2.3157894736842106,3.0526315789473686
2025-01-05T19:45:00Z,AS Roma,SS Lazio,2,0,FINISHED,2,H,13,7,20,2,7,9,4,5,9,37,19,56,15,20,35,21,2.9473684210526314,1.8421052631578947,7,11,18,9,2,11,3,6,9,33,28,61,26,23,49,12,3.210526315789474,2.5789473684210527
2025-01-10T19:45:00Z,SS Lazio,Como 1907,1,1,FINISHED,0,D,7,11,18,9,2,11,3,6,9,33,28,61,26,23,49,12,3.210526315789474,2.5789473684210527,8,5,13,5,5,10,6,9,15,28,21,49,26,26,52,-3,2.5789473684210527,2.736842105263158
2025-01-11T14:00:00Z,Empoli FC,US Lecce,1,3,FINISHED,-2,A,2,4,6,7,6,13,10,9,19,10,23,33,26,33,59,-26,1.736842105263158,3.1052631578947367,4,4,8,6,4,10,9,11,20,13,14,27,31,27,58,-31,1.4210526315789473,3.0526315789473686
2025-01-11T14:00:00Z,Udinese Calcio,Atalanta BC,0,0,FINISHED,0,D,7,5,12,3,5,8,9,9,18,22,19,41,27,29,56,-15,2.1578947368421053,2.9473684210526314,9,13,22,5,3,8,5,3,8,36,42,78,24,13,37,41,4.105263157894737,1.9473684210526316
2025-01-11T17:00:00Z,Torino FC,Juventus FC,1,1,FINISHED,0,D,6,4,10,7,7,14,6,8,14,17,22,39,18,27,45,-6,2.0526315789473686,2.3684210526315788,11,7,18,7,9,16,1,3,4,31,27,58,15,20,35,23,3.0526315789473686,1.8421052631578947
2025-01-11T19:45:00Z,AC Milan,Cagliari Calcio,1,1,FINISHED,0,D,9,9,18,7,2,9,3,8,11,30,31,61,16,27,43,18,3.210526315789474,2.263157894736842,6,3,9,4,5,9,9,11,20,24,16,40,28,28,56,-16,2.1052631578947367,2.9473684210526314
2025-01-12T11:30:00Z,Genoa CFC,Parma Calcio 1913,1,0,FINISHED,1,H,5,5,10,7,6,13,7,8,15,21,16,37,25,24,49,-12,1.9473684210526316,2.5789473684210527,5,2,7,6,9,15,8,8,16,25,19,44,28,30,58,-14,2.3157894736842106,3.0526315789473686
2025-01-12T14:00:00Z,Venezia FC,FC Internazionale Milano,0,1,FINISHED,-1,A,5,0,5,5,9,14,9,10,19,17,15,32,22,34,56,-24,1.6842105263157894,2.9473684210526314,13,11,24,4,5,9,2,3,5,40,39,79,21,14,35,44,4.157894736842105,1.8421052631578947
2025-01-12T17:00:00Z,Bologna FC 1909,AS Roma,2,2,FINISHED,0,D,10,6,16,7,7,14,2,6,8,33,24,57,18,29,47,10,3.0,2.473684210526316,13,7,20,2,7,9,4,5,9,37,19,56,15,20,35,21,2.9473684210526314,1.8421052631578947
2025-01-12T19:45:00Z,SSC Napoli,Hellas Verona FC,2,0,FINISHED,2,H,14,10,24,3,7,10,2,2,4,32,27,59,13,14,27,32,3.1052631578947367,1.4210526315789473,4,6,10,5,2,7,10,11,21,15,19,34,36,30,66,-32,1.7894736842105263,3.473684210526316
2025-01-13T19:45:00Z,AC Monza,ACF Fiorentina,2,1,FINISHED,1,H,1,2,3,5,4,9,13,13,26,13,15,28,31,38,69,-41,1.4736842105263157,3.6315789473684212,12,7,19,4,4,8,3,8,11,32,28,60,18,23,41,19,3.1578947368421053,2.1578947368421053
2025-01-14T17:30:00Z,Como 1907,AC Milan,1,2,FINISHED,-1,A,8,5,13,5,5,10,6,9,15,28,21,49,26,26,52,-3,2.5789473684210527,2.736842105263158,9,9,18,7,2,9,3,8,11,30,31,61,16,27,43,18,3.210526315789474,2.263157894736842
2025-01-14T19:45:00Z,Atalanta BC,Juventus FC,1,1,FINISHED,0,D,9,13,22,5,3,8,5,3,8,36,42,78,24,13,37,41,4.105263157894737,1.9473684210526316,11,7,18,7,9,16,1,3,4,31,27,58,15,20,35,23,3.0526315789473686,1.8421052631578947
2025-01-15T19:45:00Z,FC Internazionale Milano,Bologna FC 1909,2,2,FINISHED,0,D,13,11,24,4,5,9,2,3,5,40,39,79,21,14,35,44,4.157894736842105,1.8421052631578947,10,6,16,7,7,14,2,6,8,33,24,57,18,29,47,10,3.0,2.473684210526316
2025-01-17T19:45:00Z,AS Roma,Genoa CFC,3,1,FINISHED,2,H,13,7,20,2,7,9,4,5,9,37,19,56,15,20,35,21,2.9473684210526314,1.8421052631578947,5,5,10,7,6,13,7,8,15,21,16,37,25,24,49,-12,1.9473684210526316,2.5789473684210527
2025-01-18T14:00:00Z,Bologna FC 1909,AC Monza,3,1,FINISHED,2,H,10,6,16,7,7,14,2,6,8,33,24,57,18,29,47,10,3.0,2.473684210526316,1,2,3,5,4,9,13,13,26,13,15,28,31,38,69,-41,1.4736842105263157,3.6315789473684212
2025-01-18T17:00:00Z,Juventus FC,AC Milan,2,0,FINISHED,2,H,11,7,18,7,9,16,1,3,4,31,27,58,15,20,35,23,3.0526315789473686,1.8421052631578947,9,9,18,7,2,9,3,8,11,30,31,61,16,27,43,18,3.210526315789474,2.263157894736842
2025-01-18T19:45:00Z,Atalanta BC,SSC Napoli,2,3,FINISHED,-1,A,9,13,22,5,3,8,5,3,8,36,42,78,24,13,37,41,4.105263157894737,1.9473684210526316,14,10,24,3,7,10,2,2,4,32,27,59,13,14,27,32,3.1052631578947367,1.4210526315789473
2025-01-19T11:30:00Z,ACF Fiorentina,Torino FC,1,1,FINISHED,0,D,12,7,19,4,4,8,3,8,11,32,28,60,18,23,41,19,3.1578947368421053,2.1578947368421053,6,4,10,7,7,14,6,8,14,17,22,39,18,27,45,-6,2.0526315789473686,2.3684210526315788
2025-01-19T14:00:00Z,Cagliari Calcio,US Lecce,4,1,FINISHED,3,H,6,3,9,4,5,9,9,11,20,24,16,40,28,28,56,-16,2.1052631578947367,2.9473684210526314,4,4,8,6,4,10,9,11,20,13,14,27,31,27,58,-31,1.4210526315789473,3.0526315789473686
2025-01-19T14:00:00Z,Parma Calcio 1913,Venezia FC,1,1,FINISHED,0,D,5,2,7,6,9,15,8,8,16,25,19,44,28,30,58,-14,2.3157894736842106,3.0526315789473686,5,0,5,5,9,14,9,10,19,17,15,32,22,34,56,-24,1.6842105263157894,2.9473684210526314
2025-01-19T17:00:00Z,Hellas Verona FC,SS Lazio,0,3,FINISHED,-3,A,4,6,10,5,2,7,10,11,21,15,19,34,36,30,66,-32,1.7894736842105263,3.473684210526316,7,11,18,9,2,11,3,6,9,33,28,61,26,23,49,12,3.210526315789474,2.5789473684210527
2025-01-19T19:45:00Z,FC Internazionale Milano,Empoli FC,3,1,FINISHED,2,H,13,11,24,4,5,9,2,3,5,40,39,79,21,14,35,44,4.157894736842105,1.8421052631578947,2,4,6,7,6,13,10,9,19,10,23,33,26,33,59,-26,1.736842105263158,3.1052631578947367
2025-01-20T19:45:00Z,Como 1907,Udinese Calcio,4,1,FINISHED,3,H,8,5,13,5,5,10,6,9,15,28,21,49,26,26,52,-3,2.5789473684210527,2.736842105263158,7,5,12,3,5,8,9,9,18,22,19,41,27,29,56,-15,2.1578947368421053,2.9473684210526314
2025-01-24T19:45:00Z,Torino FC,Cagliari Calcio,2,0,FINISHED,2,H,6,4,10,7,7,14,6,8,14,17,22,39,18,27,45,-6,2.0526315789473686,2.3684210526315788,6,3,9,4,5,9,9,11,20,24,16,40,28,28,56,-16,2.1052631578947367,2.9473684210526314
2025-01-25T14:00:00Z,Como 1907,Atalanta BC,1,2,FINISHED,-1,A,8,5,13,5,5,10,6,9,15,28,21,49,26,26,52,-3,2.5789473684210527,2.736842105263158,9,13,22,5,3,8,5,3,8,36,42,78,24,13,37,41,4.105263157894737,1.9473684210526316
2025-01-25T17:00:00Z,SSC Napoli,Juventus FC,2,1,FINISHED,1,H,14,10,24,3,7,10,2,2,4,32,27,59,13,14,27,32,3.1052631578947367,1.4210526315789473,11,7,18,7,9,16,1,3,4,31,27,58,15,20,35,23,3.0526315789473686,1.8421052631578947
2025-01-25T19:45:00Z,Empoli FC,Bologna FC 1909,1,1,FINISHED,0,D,2,4,6,7,6,13,10,9,19,10,23,33,26,33,59,-26,1.736842105263158,3.1052631578947367,10,6,16,7,7,14,2,6,8,33,24,57,18,29,47,10,3.0,2.473684210526316
2025-01-26T11:30:00Z,AC Milan,Parma Calcio 1913,3,2,FINISHED,1,H,9,9,18,7,2,9,3,8,11,30,31,61,16,27,43,18,3.210526315789474,2.263157894736842,5,2,7,6,9,15,8,8,16,25,19,44,28,30,58,-14,2.3157894736842106,3.0526315789473686
2025-01-26T14:00:00Z,Udinese Calcio,AS Roma,1,2,FINISHED,-1,A,7,5,12,3,5,8,9,9,18,22,19,41,27,29,56,-15,2.1578947368421053,2.9473684210526314,13,7,20,2,7,9,4,5,9,37,19,56,15,20,35,21,2.9473684210526314,1.8421052631578947
2025-01-26T17:00:00Z,US Lecce,FC Internazionale Milano,0,4,FINISHED,-4,A,4,4,8,6,4,10,9,11,20,13,14,27,31,27,58,-31,1.4210526315789473,3.0526315789473686,13,11,24,4,5,9,2,3,5,40,39,79,21,14,35,44,4.157894736842105,1.8421052631578947
2025-01-26T19:45:00Z,SS Lazio,ACF Fiorentina,1,2,FINISHED,-1,A,7,11,18,9,2,11,3,6,9,33,28,61,26,23,49,12,3.210526315789474,2.5789473684210527,12,7,19,4,4,8,3,8,11,32,28,60,18,23,41,19,3.1578947368421053,2.1578947368421053
2025-01-27T17:30:00Z,Venezia FC,Hellas Verona FC,1,1,FINISHED,0,D,5,0,5,5,9,14,9,10,19,17,15,32,22,34,56,-24,1.6842105263157894,2.9473684210526314,4,6,10,5,2,7,10,11,21,15,19,34,36,30,66,-32,1.7894736842105263,3.473684210526316
2025-01-27T19:45:00Z,Genoa CFC,AC Monza,2,0,FINISHED,2,H,5,5,10,7,6,13,7,8,15,21,16,37,25,24,49,-12,1.9473684210526316,2.5789473684210527,1,2,3,5,4,9,13,13,26,13,15,28,31,38,69,-41,1.4736842105263157,3.6315789473684212
2025-01-31T19:45:00Z,Parma Calcio 1913,US Lecce,1,3,FINISHED,-2,A,5,2,7,6,9,15,8,8,16,25,19,44,28,30,58,-14,2.3157894736842106,3.0526315789473686,4,4,8,6,4,10,9,11,20,13,14,27,31,27,58,-31,1.4210526315789473,3.0526315789473686
2025-02-01T14:00:00Z,AC Monza,Hellas Verona FC,0,1,FINISHED,-1,A,1,2,3,5,4,9,13,13,26,13,15,28,31,38,69,-41,1.4736842105263157,3.6315789473684212,4,6,10,5,2,7,10,11,21,15,19,34,36,30,66,-32,1.7894736842105263,3.473684210526316
2025-02-01T14:00:00Z,Udinese Calcio,Venezia FC,3,2,FINISHED,1,H,7,5,12,3,5,8,9,9,18,22,19,41,27,29,56,-15,2.1578947368421053,2.9473684210526314,5,0,5,5,9,14,9,10,19,17,15,32,22,34,56,-24,1.6842105263157894,2.9473684210526314
2025-02-01T17:00:00Z,Atalanta BC,Torino FC,1,1,FINISHED,0,D,9,13,22,5,3,8,5,3,8,36,42,78,24,13,37,41,4.105263157894737,1.9473684210526316,6,4,10,7,7,14,6,8,14,17,22,39,18,27,45,-6,2.0526315789473686,2.3684210526315788
2025-02-01T19:45:00Z,Bologna FC 1909,Como 1907,2,0,FINISHED,2,H,10,6,16,7,7,14,2,6,8,33,24,57,18,29,47,10,3.0,2.473684210526316,8,5,13,5,5,10,6,9,15,28,21,49,26,26,52,-3,2.5789473684210527,2.736842105263158
2025-02-02T11:30:00Z,Juventus FC,Empoli FC,4,1,FINISHED,3,H,11,7,18,7,9,16,1,3,4,31,27,58,15,20,35,23,3.0526315789473686,1.8421052631578947,2,4,6,7,6,13,10,9,19,10,23,33,26,33,59,-26,1.736842105263158,3.1052631578947367
2025-02-02T14:00:00Z,ACF Fiorentina,Genoa CFC,2,1,FINISHED,1,H,12,7,19,4,4,8,3,8,11,32,28,60,18,23,41,19,3.1578947368421053,2.1578947368421053,5,5,10,7,6,13,7,8,15,21,16,37,25,24,49,-12,1.9473684210526316,2.5789473684210527
2025-02-02T17:00:00Z,AC Milan,FC Internazionale Milano,1,1,FINISHED,0,D,9,9,18,7,2,9,3,8,11,30,31,61,16,27,43,18,3.210526315789474,2.263157894736842,13,11,24,4,5,9,2,3,5,40,39,79,21,14,35,44,4.157894736842105,1.8421052631578947
2025-02-02T19:45:00Z,AS Roma,SSC Napoli,1,1,FINISHED,0,D,13,7,20,2,7,9,4,5,9,37,19,56,15,20,35,21,2.9473684210526314,1.8421052631578947,14,10,24,3,7,10,2,2,4,32,27,59,13,14,27,32,3.1052631578947367,1.4210526315789473
2025-02-03T19:45:00Z,Cagliari Calcio,SS Lazio,1,2,FINISHED,-1,A,6,3,9,4,5,9,9,11,20,24,16,40,28,28,56,-16,2.1052631578947367,2.9473684210526314,7,11,18,9,2,11,3,6,9,33,28,61,26,23,49,12,3.210526315789474,2.5789473684210527
2025-02-06T19:45:00Z,ACF Fiorentina,FC Internazionale Milano,3,0,FINISHED,3,H,12,7,19,4,4,8,3,8,11,32,28,60,18,23,41,19,3.1578947368421053,2.1578947368421053,13,11,24,4,5,9,2,3,5,40,39,79,21,14,35,44,4.157894736842105,1.8421052631578947
2025-02-07T19:45:00Z,Como 1907,Juventus FC,1,2,FINISHED,-1,A,8,5,13,5,5,10,6,9,15,28,21,49,26,26,52,-3,2.5789473684210527,2.736842105263158,11,7,18,7,9,16,1,3,4,31,27,58,15,20,35,23,3.0526315789473686,1.8421052631578947
2025-02-08T14:00:00Z,Hellas Verona FC,Atalanta BC,0,5,FINISHED,-5,A,4,6,10,5,2,7,10,11,21,15,19,34,36,30,66,-32,1.7894736842105263,3.473684210526316,9,13,22,5,3,8,5,3,8,36,42,78,24,13,37,41,4.105263157894737,1.9473684210526316
2025-02-08T17:00:00Z,Empoli FC,AC Milan,0,2,FINISHED,-2,A,2,4,6,7,6,13,10,9,19,10,23,33,26,33,59,-26,1.736842105263158,3.1052631578947367,9,9,18,7,2,9,3,8,11,30,31,61,16,27,43,18,3.210526315789474,2.263157894736842
2025-02-08T19:45:00Z,Torino FC,Genoa CFC,1,1,FINISHED,0,D,6,4,10,7,7,14,6,8,14,17,22,39,18,27,45,-6,2.0526315789473686,2.3684210526315788,5,5,10,7,6,13,7,8,15,21,16,37,25,24,49,-12,1.9473684210526316,2.5789473684210527
2025-02-09T11:30:00Z,Venezia FC,AS Roma,0,1,FINISHED,-1,A,5,0,5,5,9,14,9,10,19,17,15,32,22,34,56,-24,1.6842105263157894,2.9473684210526314,13,7,20,2,7,9,4,5,9,37,19,56,15,20,35,21,2.9473684210526314,1.8421052631578947
2025-02-09T14:00:00Z,Cagliari Calcio,Parma Calcio 1913,2,1,FINISHED,1,H,6,3,9,4,5,9,9,11,20,24,16,40,28,28,56,-16,2.1052631578947367,2.9473684210526314,5,2,7,6,9,15,8,8,16,25,19,44,28,30,58,-14,2.3157894736842106,3.0526315789473686
2025-02-09T14:00:00Z,SS Lazio,AC Monza,5,1,FINISHED,4,H,7,11,18,9,2,11,3,6,9,33,28,61,26,23,49,12,3.210526315789474,2.5789473684210527,1,2,3,5,4,9,13,13,26,13,15,28,31,38,69,-41,1.4736842105263157,3.6315789473684212
2025-02-09T17:00:00Z,US Lecce,Bologna FC 1909,0,0,FINISHED,0,D,4,4,8,6,4,10,9,11,20,13,14,27,31,27,58,-31,1.4210526315789473,3.0526315789473686,10,6,16,7,7,14,2,6,8,33,24,57,18,29,47,10,3.0,2.473684210526316
2025-02-09T19:45:00Z,SSC Napoli,Udinese Calcio,1,1,FINISHED,0,D,14,10,24,3,7,10,2,2,4,32,27,59,13,14,27,32,3.1052631578947367,1.4210526315789473,7,5,12,3,5,8,9,9,18,22,19,41,27,29,56,-15,2.1578947368421053,2.9473684210526314
2025-02-10T19:45:00Z,FC Internazionale Milano,ACF Fiorentina,2,1,FINISHED,1,H,13,11,24,4,5,9,2,3,5,40,39,79,21,14,35,44,4.157894736842105,1.8421052631578947,12,7,19,4,4,8,3,8,11,32,28,60,18,23,41,19,3.1578947368421053,2.1578947368421053
2025-02-14T19:45:00Z,Bologna FC 1909,Torino FC,3,2,FINISHED,1,H,10,6,16,7,7,14,2,6,8,33,24,57,18,29,47,10,3.0,2.473684210526316,6,4,10,7,7,14,6,8,14,17,22,39,18,27,45,-6,2.0526315789473686,2.3684210526315788
2025-02-15T14:00:00Z,Atalanta BC,Cagliari Calcio,0,0,FINISHED,0,D,9,13,22,5,3,8,5,3,8,36,42,78,24,13,37,41,4.105263157894737,1.9473684210526316,6,3,9,4,5,9,9,11,20,24,16,40,28,28,56,-16,2.1052631578947367,2.9473684210526314
2025-02-15T17:00:00Z,SS Lazio,SSC Napoli,2,2,FINISHED,0,D,7,11,18,9,2,11,3,6,9,33,28,61,26,23,49,12,3.210526315789474,2.5789473684210527,14,10,24,3,7,10,2,2,4,32,27,59,13,14,27,32,3.1052631578947367,1.4210526315789473
2025-02-15T19:45:00Z,AC Milan,Hellas Verona FC,1,0,FINISHED,1,H,9,9,18,7,2,9,3,8,11,30,31,61,16,27,43,18,3.210526315789474,2.263157894736842,4,6,10,5,2,7,10,11,21,15,19,34,36,30,66,-32,1.7894736842105263,3.473684210526316
2025-02-16T11:30:00Z,ACF Fiorentina,Como 1907,0,2,FINISHED,-2,A,12,7,19,4,4,8,3,8,11,32,28,60,18,23,41,19,3.1578947368421053,2.1578947368421053,8,5,13,5,5,10,6,9,15,28,21,49,26,26,52,-3,2.5789473684210527,2.736842105263158
2025-02-16T14:00:00Z,AC Monza,US Lecce,0,0,FINISHED,0,D,1,2,3,5,4,9,13,13,26,13,15,28,31,38,69,-41,1.4736842105263157,3.6315789473684212,4,4,8,6,4,10,9,11,20,13,14,27,31,27,58,-31,1.4210526315789473,3.0526315789473686
2025-02-16T14:00:00Z,Udinese Calcio,Empoli FC,3,0,FINISHED,3,H,7,5,12,3,5,8,9,9,18,22,19,41,27,29,56,-15,2.1578947368421053,2.9473684210526314,2,4,6,7,6,13,10,9,19,10,23,33,26,33,59,-26,1.736842105263158,3.1052631578947367
2025-02-16T17:00:00Z,Parma Calcio 1913,AS Roma,0,1,FINISHED,-1,A,5,2,7,6,9,15,8,8,16,25,19,44,28,30,58,-14,2.3157894736842106,3.0526315789473686,13,7,20,2,7,9,4,5,9,37,19,56,15,20,35,21,2.9473684210526314,1.8421052631578947
2025-02-16T19:45:00Z,Juventus FC,FC Internazionale Milano,1,0,FINISHED,1,H,11,7,18,7,9,16,1,3,4,31,27,58,15,20,35,23,3.0526315789473686,1.8421052631578947,13,11,24,4,5,9,2,3,5,40,39,79,21,14,35,44,4.157894736842105,1.8421052631578947
2025-02-17T19:45:00Z,Genoa CFC,Venezia FC,2,0,FINISHED,2,H,5,5,10,7,6,13,7,8,15,21,16,37,25,24,49,-12,1.9473684210526316,2.5789473684210527,5,0,5,5,9,14,9,10,19,17,15,32,22,34,56,-24,1.6842105263157894,2.9473684210526314
2025-02-21T19:45:00Z,US Lecce,Udinese Calcio,0,1,FINISHED,-1,A,4,4,8,6,4,10,9,11,20,13,14,27,31,27,58,-31,1.4210526315789473,3.0526315789473686,7,5,12,3,5,8,9,9,18,22,19,41,27,29,56,-15,2.1578947368421053,2.9473684210526314
2025-02-22T14:00:00Z,Parma Calcio 1913,Bologna FC 1909,2,0,FINISHED,2,H,5,2,7,6,9,15,8,8,16,25,19,44,28,30,58,-14,2.3157894736842106,3.0526315789473686,10,6,16,7,7,14,2,6,8,33,24,57,18,29,47,10,3.0,2.473684210526316
2025-02-22T14:00:00Z,Venezia FC,SS Lazio,0,0,FINISHED,0,D,5,0,5,5,9,14,9,10,19,17,15,32,22,34,56,-24,1.6842105263157894,2.9473684210526314,7,11,18,9,2,11,3,6,9,33,28,61,26,23,49,12,3.210526315789474,2.5789473684210527
2025-02-22T17:00:00Z,Torino FC,AC Milan,2,1,FINISHED,1,H,6,4,10,7,7,14,6,8,14,17,22,39,18,27,45,-6,2.0526315789473686,2.3684210526315788,9,9,18,7,2,9,3,8,11,30,31,61,16,27,43,18,3.210526315789474,2.263157894736842
2025-02-22T19:45:00Z,FC Internazionale Milano,Genoa CFC,1,0,FINISHED,1,H,13,11,24,4,5,9,2,3,5,40,39,79,21,14,35,44,4.157894736842105,1.8421052631578947,5,5,10,7,6,13,7,8,15,21,16,37,25,24,49,-12,1.9473684210526316,2.5789473684210527
2025-02-23T11:30:00Z,Como 1907,SSC Napoli,2,1,FINISHED,1,H,8,5,13,5,5,10,6,9,15,28,21,49,26,26,52,-3,2.5789473684210527,2.736842105263158,14,10,24,3,7,10,2,2,4,32,27,59,13,14,27,32,3.1052631578947367,1.4210526315789473
2025-02-23T14:00:00Z,Hellas Verona FC,ACF Fiorentina,1,0,FINISHED,1,H,4,6,10,5,2,7,10,11,21,15,19,34,36,30,66,-32,1.7894736842105263,3.473684210526316,12,7,19,4,4,8,3,8,11,32,28,60,18,23,41,19,3.1578947368421053,2.1578947368421053
2025-02-23T17:00:00Z,Empoli FC,Atalanta BC,0,5,FINISHED,-5,A,2,4,6,7,6,13,10,9,19,10,23,33,26,33,59,-26,1.736842105263158,3.1052631578947367,9,13,22,5,3,8,5,3,8,36,42,78,24,13,37,41,4.105263157894737,1.9473684210526316
2025-02-23T19:45:00Z,Cagliari Calcio,Juventus FC,0,1,FINISHED,-1,A,6,3,9,4,5,9,9,11,20,24,16,40,28,28,56,-16,2.1052631578947367,2.9473684210526314,11,7,18,7,9,16,1,3,4,31,27,58,15,20,35,23,3.0526315789473686,1.8421052631578947
2025-02-24T19:45:00Z,AS Roma,AC Monza,4,0,FINISHED,4,H,13,7,20,2,7,9,4,5,9,37,19,56,15,20,35,21,2.9473684210526314,1.8421052631578947,1,2,3,5,4,9,13,13,26,13,15,28,31,38,69,-41,1.4736842105263157,3.6315789473684212
2025-02-27T19:45:00Z,Bologna FC 1909,AC Milan,2,1,FINISHED,1,H,10,6,16,7,7,14,2,6,8,33,24,57,18,29,47,10,3.0,2.473684210526316,9,9,18,7,2,9,3,8,11,30,31,61,16,27,43,18,3.210526315789474,2.263157894736842
2025-02-28T19:45:00Z,ACF Fiorentina,US Lecce,1,0,FINISHED,1,H,12,7,19,4,4,8,3,8,11,32,28,60,18,23,41,19,3.1578947368421053,2.1578947368421053,4,4,8,6,4,10,9,11,20,13,14,27,31,27,58,-31,1.4210526315789473,3.0526315789473686
2025-03-01T14:00:00Z,Atalanta BC,Venezia FC,0,0,FINISHED,0,D,9,13,22,5,3,8,5,3,8,36,42,78,24,13,37,41,4.105263157894737,1.9473684210526316,5,0,5,5,9,14,9,10,19,17,15,32,22,34,56,-24,1.6842105263157894,2.9473684210526314
2025-03-01T17:00:00Z,SSC Napoli,FC Internazionale Milano,1,1,FINISHED,0,D,14,10,24,3,7,10,2,2,4,32,27,59,13,14,27,32,3.1052631578947367,1.4210526315789473,13,11,24,4,5,9,2,3,5,40,39,79,21,14,35,44,4.157894736842105,1.8421052631578947
2025-03-01T19:45:00Z,Udinese Calcio,Parma Calcio 1913,1,0,FINISHED,1,H,7,5,12,3,5,8,9,9,18,22,19,41,27,29,56,-15,2.1578947368421053,2.9473684210526314,5,2,7,6,9,15,8,8,16,25,19,44,28,30,58,-14,2.3157894736842106,3.0526315789473686
2025-03-02T11:30:00Z,AC Monza,Torino FC,0,2,FINISHED,-2,A,1,2,3,5,4,9,13,13,26,13,15,28,31,38,69,-41,1.4736842105263157,3.6315789473684212,6,4,10,7,7,14,6,8,14,17,22,39,18,27,45,-6,2.0526315789473686,2.3684210526315788
2025-03-02T14:00:00Z,Bologna FC 1909,Cagliari Calcio,2,1,FINISHED,1,H,10,6,16,7,7,14,2,6,8,33,24,57,18,29,47,10,3.0,2.473684210526316,6,3,9,4,5,9,9,11,20,24,16,40,28,28,56,-16,2.1052631578947367,2.9473684210526314
2025-03-02T14:00:00Z,Genoa CFC,Empoli FC,1,1,FINISHED,0,D,5,5,10,7,6,13,7,8,15,21,16,37,25,24,49,-12,1.9473684210526316,2.5789473684210527,2,4,6,7,6,13,10,9,19,10,23,33,26,33,59,-26,1.736842105263158,3.1052631578947367
2025-03-02T17:00:00Z,AS Roma,Como 1907,2,1,FINISHED,1,H,13,7,20,2,7,9,4,5,9,37,19,56,15,20,35,21,2.9473684210526314,1.8421052631578947,8,5,13,5,5,10,6,9,15,28,21,49,26,26,52,-3,2.5789473684210527,2.736842105263158
2025-03-02T19:45:00Z,AC Milan,SS Lazio,1,2,FINISHED,-1,A,9,9,18,7,2,9,3,8,11,30,31,61,16,27,43,18,3.210526315789474,2.263157894736842,7,11,18,9,2,11,3,6,9,33,28,61,26,23,49,12,3.210526315789474,2.5789473684210527
2025-03-03T19:45:00Z,Juventus FC,Hellas Verona FC,2,0,FINISHED,2,H,11,7,18,7,9,16,1,3,4,31,27,58,15,20,35,23,3.0526315789473686,1.8421052631578947,4,6,10,5,2,7,10,11,21,15,19,34,36,30,66,-32,1.7894736842105263,3.473684210526316
2025-03-07T19:45:00Z,Cagliari Calcio,Genoa CFC,1,1,FINISHED,0,D,6,3,9,4,5,9,9,11,20,24,16,40,28,28,56,-16,2.1052631578947367,2.9473684210526314,5,5,10,7,6,13,7,8,15,21,16,37,25,24,49,-12,1.9473684210526316,2.5789473684210527
2025-03-08T14:00:00Z,Como 1907,Venezia FC,1,1,FINISHED,0,D,8,5,13,5,5,10,6,9,15,28,21,49,26,26,52,-3,2.5789473684210527,2.736842105263158,5,0,5,5,9,14,9,10,19,17,15,32,22,34,56,-24,1.6842105263157894,2.9473684210526314
2025-03-08T14:00:00Z,Parma Calcio 1913,Torino FC,2,2,FINISHED,0,D,5,2,7,6,9,15,8,8,16,25,19,44,28,30,58,-14,2.3157894736842106,3.0526315789473686,6,4,10,7,7,14,6,8,14,17,22,39,18,27,45,-6,2.0526315789473686,2.3684210526315788
2025-03-08T17:00:00Z,US Lecce,AC Milan,2,3,FINISHED,-1,A,4,4,8,6,4,10,9,11,20,13,14,27,31,27,58,-31,1.4210526315789473,3.0526315789473686,9,9,18,7,2,9,3,8,11,30,31,61,16,27,43,18,3.210526315789474,2.263157894736842
2025-03-08T19:45:00Z,FC Internazionale Milano,AC Monza,3,2,FINISHED,1,H,13,11,24,4,5,9,2,3,5,40,39,79,21,14,35,44,4.157894736842105,1.8421052631578947,1,2,3,5,4,9,13,13,26,13,15,28,31,38,69,-41,1.4736842105263157,3.6315789473684212
2025-03-09T11:30:00Z,Hellas Verona FC,Bologna FC 1909,1,2,FINISHED,-1,A,4,6,10,5,2,7,10,11,21,15,19,34,36,30,66,-32,1.7894736842105263,3.473684210526316,10,6,16,7,7,14,2,6,8,33,24,57,18,29,47,10,3.0,2.473684210526316
2025-03-09T14:00:00Z,SSC Napoli,ACF Fiorentina,2,1,FINISHED,1,H,14,10,24,3,7,10,2,2,4,32,27,59,13,14,27,32,3.1052631578947367,1.4210526315789473,12,7,19,4,4,8,3,8,11,32,28,60,18,23,41,19,3.1578947368421053,2.1578947368421053
2025-03-09T17:00:00Z,Empoli FC,AS Roma,0,1,FINISHED,-1,A,2,4,6,7,6,13,10,9,19,10,23,33,26,33,59,-26,1.736842105263158,3.1052631578947367,13,7,20,2,7,9,4,5,9,37,19,56,15,20,35,21,2.9473684210526314,1.8421052631578947
2025-03-09T19:45:00Z,Juventus FC,Atalanta BC,0,4,FINISHED,-4,A,11,7,18,7,9,16,1,3,4,31,27,58,15,20,35,23,3.0526315789473686,1.8421052631578947,9,13,22,5,3,8,5,3,8,36,42,78,24,13,37,41,4.105263157894737,1.9473684210526316
2025-03-10T19:45:00Z,SS Lazio,Udinese Calcio,1,1,FINISHED,0,D,7,11,18,9,2,11,3,6,9,33,28,61,26,23,49,12,3.210526315789474,2.5789473684210527,7,5,12,3,5,8,9,9,18,22,19,41,27,29,56,-15,2.1578947368421053,2.9473684210526314
2025-03-14T19:45:00Z,Genoa CFC,US Lecce,2,1,FINISHED,1,H,5,5,10,7,6,13,7,8,15,21,16,37,25,24,49,-12,1.9473684210526316,2.5789473684210527,4,4,8,6,4,10,9,11,20,13,14,27,31,27,58,-31,1.4210526315789473,3.0526315789473686
2025-03-15T14:00:00Z,AC Monza,Parma Calcio 1913,1,1,FINISHED,0,D,1,2,3,5,4,9,13,13,26,13,15,28,31,38,69,-41,1.4736842105263157,3.6315789473684212,5,2,7,6,9,15,8,8,16,25,19,44,28,30,58,-14,2.3157894736842106,3.0526315789473686
2025-03-15T14:00:00Z,Udinese Calcio,Hellas Verona FC,0,1,FINISHED,-1,A,7,5,12,3,5,8,9,9,18,22,19,41,27,29,56,-15,2.1578947368421053,2.9473684210526314,4,6,10,5,2,7,10,11,21,15,19,34,36,30,66,-32,1.7894736842105263,3.473684210526316
2025-03-15T17:00:00Z,AC Milan,Como 1907,2,1,FINISHED,1,H,9,9,18,7,2,9,3,8,11,30,31,61,16,27,43,18,3.210526315789474,2.263157894736842,8,5,13,5,5,10,6,9,15,28,21,49,26,26,52,-3,2.5789473684210527,2.736842105263158
2025-03-15T19:45:00Z,Torino FC,Empoli FC,1,0,FINISHED,1,H,6,4,10,7,7,14,6,8,14,17,22,39,18,27,45,-6,2.0526315789473686,2.3684210526315788,2,4,6,7,6,13,10,9,19,10,23,33,26,33,59,-26,1.736842105263158,3.1052631578947367
2025-03-16T11:30:00Z,Venezia FC,SSC Napoli,0,0,FINISHED,0,D,5,0,5,5,9,14,9,10,19,17,15,32,22,34,56,-24,1.6842105263157894,2.9473684210526314,14,10,24,3,7,10,2,2,4,32,27,59,13,14,27,32,3.1052631578947367,1.4210526315789473
2025-03-16T14:00:00Z,Bologna FC 1909,SS Lazio,5,0,FINISHED,5,H,10,6,16,7,7,14,2,6,8,33,24,57,18,29,47,10,3.0,2.473684210526316,7,11,18,9,2,11,3,6,9,33,28,61,26,23,49,12,3.210526315789474,2.5789473684210527
2025-03-16T15:00:00Z,AS Roma,Cagliari Calcio,1,0,FINISHED,1,H,13,7,20,2,7,9,4,5,9,37,19,56,15,20,35,21,2.9473684210526314,1.8421052631578947,6,3,9,4,5,9,9,11,20,24,16,40,28,28,56,-16,2.1052631578947367,2.9473684210526314
2025-03-16T17:00:00Z,ACF Fiorentina,Juventus FC,3,0,FINISHED,3,H,12,7,19,4,4,8,3,8,11,32,28,60,18,23,41,19,3.1578947368421053,2.1578947368421053,11,7,18,7,9,16,1,3,4,31,27,58,15,20,35,23,3.0526315789473686,1.8421052631578947
2025-03-16T19:45:00Z,Atalanta BC,FC Internazionale Milano,0,2,FINISHED,-2,A,9,13,22,5,3,8,5,3,8,36,42,78,24,13,37,41,4.105263157894737,1.9473684210526316,13,11,24,4,5,9,2,3,5,40,39,79,21,14,35,44,4.157894736842105,1.8421052631578947
2025-03-29T14:00:00Z,Como 1907,Empoli FC,1,1,FINISHED,0,D,8,5,13,5,5,10,6,9,15,28,21,49,26,26,52,-3,2.5789473684210527,2.736842105263158,2,4,6,7,6,13,10,9,19,10,23,33,26,33,59,-26,1.736842105263158,3.1052631578947367
2025-03-29T14:00:00Z,Venezia FC,Bologna FC 1909,0,1,FINISHED,-1,A,5,0,5,5,9,14,9,10,19,17,15,32,22,34,56,-24,1.6842105263157894,2.9473684210526314,10,6,16,7,7,14,2,6,8,33,24,57,18,29,47,10,3.0,2.473684210526316
2025-03-29T17:00:00Z,Juventus FC,Genoa CFC,1,0,FINISHED,1,H,11,7,18,7,9,16,1,3,4,31,27,58,15,20,35,23,3.0526315789473686,1.8421052631578947,5,5,10,7,6,13,7,8,15,21,16,37,25,24,49,-12,1.9473684210526316,2.5789473684210527
2025-03-29T19:45:00Z,US Lecce,AS Roma,0,1,FINISHED,-1,A,4,4,8,6,4,10,9,11,20,13,14,27,31,27,58,-31,1.4210526315789473,3.0526315789473686,13,7,20,2,7,9,4,5,9,37,19,56,15,20,35,21,2.9473684210526314,1.8421052631578947
2025-03-30T10:30:00Z,Cagliari Calcio,AC Monza,3,0,FINISHED,3,H,6,3,9,4,5,9,9,11,20,24,16,40,28,28,56,-16,2.1052631578947367,2.9473684210526314,1,2,3,5,4,9,13,13,26,13,15,28,31,38,69,-41,1.4736842105263157,3.6315789473684212
2025-03-30T13:00:00Z,ACF Fiorentina,Atalanta BC,1,0,FINISHED,1,H,12,7,19,4,4,8,3,8,11,32,28,60,18,23,41,19,3.1578947368421053,2.1578947368421053,9,13,22,5,3,8,5,3,8,36,42,78,24,13,37,41,4.105263157894737,1.9473684210526316
2025-03-30T16:00:00Z,FC Internazionale Milano,Udinese Calcio,2,1,FINISHED,1,H,13,11,24,4,5,9,2,3,5,40,39,79,21,14,35,44,4.157894736842105,1.8421052631578947,7,5,12,3,5,8,9,9,18,22,19,41,27,29,56,-15,2.1578947368421053,2.9473684210526314
2025-03-30T18:45:00Z,SSC Napoli,AC Milan,2,1,FINISHED,1,H,14,10,24,3,7,10,2,2,4,32,27,59,13,14,27,32,3.1052631578947367,1.4210526315789473,9,9,18,7,2,9,3,8,11,30,31,61,16,27,43,18,3.210526315789474,2.263157894736842
2025-03-31T16:30:00Z,Hellas Verona FC,Parma Calcio 1913,0,0,FINISHED,0,D,4,6,10,5,2,7,10,11,21,15,19,34,36,30,66,-32,1.7894736842105263,3.473684210526316,5,2,7,6,9,15,8,8,16,25,19,44,28,30,58,-14,2.3157894736842106,3.0526315789473686
2025-03-31T18:45:00Z,SS Lazio,Torino FC,1,1,FINISHED,0,D,7,11,18,9,2,11,3,6,9,33,28,61,26,23,49,12,3.210526315789474,2.5789473684210527,6,4,10,7,7,14,6,8,14,17,22,39,18,27,45,-6,2.0526315789473686,2.3684210526315788
2025-04-04T18:45:00Z,Genoa CFC,Udinese Calcio,1,0,FINISHED,1,H,5,5,10,7,6,13,7,8,15,21,16,37,25,24,49,-12,1.9473684210526316,2.5789473684210527,7,5,12,3,5,8,9,9,18,22,19,41,27,29,56,-15,2.1578947368421053,2.9473684210526314
2025-04-05T13:00:00Z,AC Monza,Como 1907,1,3,FINISHED,-2,A,1,2,3,5,4,9,13,13,26,13,15,28,31,38,69,-41,1.4736842105263157,3.6315789473684212,8,5,13,5,5,10,6,9,15,28,21,49,26,26,52,-3,2.5789473684210527,2.736842105263158
2025-04-05T16:00:00Z,Parma Calcio 1913,FC Internazionale Milano,2,2,FINISHED,0,D,5,2,7,6,9,15,8,8,16,25,19,44,28,30,58,-14,2.3157894736842106,3.0526315789473686,13,11,24,4,5,9,2,3,5,40,39,79,21,14,35,44,4.157894736842105,1.8421052631578947
2025-04-05T18:45:00Z,AC Milan,ACF Fiorentina,2,2,FINISHED,0,D,9,9,18,7,2,9,3,8,11,30,31,61,16,27,43,18,3.210526315789474,2.263157894736842,12,7,19,4,4,8,3,8,11,32,28,60,18,23,41,19,3.1578947368421053,2.1578947368421053
2025-04-06T10:30:00Z,US Lecce,Venezia FC,1,1,FINISHED,0,D,4,4,8,6,4,10,9,11,20,13,14,27,31,27,58,-31,1.4210526315789473,3.0526315789473686,5,0,5,5,9,14,9,10,19,17,15,32,22,34,56,-24,1.6842105263157894,2.9473684210526314
2025-04-06T13:00:00Z,Empoli FC,Cagliari Calcio,0,0,FINISHED,0,D,2,4,6,7,6,13,10,9,19,10,23,33,26,33,59,-26,1.736842105263158,3.1052631578947367,6,3,9,4,5,9,9,11,20,24,16,40,28,28,56,-16,2.1052631578947367,2.9473684210526314
2025-04-06T13:00:00Z,Torino FC,Hellas Verona FC,1,1,FINISHED,0,D,6,4,10,7,7,14,6,8,14,17,22,39,18,27,45,-6,2.0526315789473686,2.3684210526315788,4,6,10,5,2,7,10,11,21,15,19,34,36,30,66,-32,1.7894736842105263,3.473684210526316
2025-04-06T16:00:00Z,Atalanta BC,SS Lazio,0,1,FINISHED,-1,A,9,13,22,5,3,8,5,3,8,36,42,78,24,13,37,41,4.105263157894737,1.9473684210526316,7,11,18,9,2,11,3,6,9,33,28,61,26,23,49,12,3.210526315789474,2.5789473684210527
2025-04-06T18:45:00Z,AS Roma,Juventus FC,1,1,FINISHED,0,D,13,7,20,2,7,9,4,5,9,37,19,56,15,20,35,21,2.9473684210526314,1.8421052631578947,11,7,18,7,9,16,1,3,4,31,27,58,15,20,35,23,3.0526315789473686,1.8421052631578947
2025-04-07T18:45:00Z,Bologna FC 1909,SSC Napoli,1,1,FINISHED,0,D,10,6,16,7,7,14,2,6,8,33,24,57,18,29,47,10,3.0,2.473684210526316,14,10,24,3,7,10,2,2,4,32,27,59,13,14,27,32,3.1052631578947367,1.4210526315789473
2025-04-11T18:45:00Z,Udinese Calcio,AC Milan,0,4,FINISHED,-4,A,7,5,12,3,5,8,9,9,18,22,19,41,27,29,56,-15,2.1578947368421053,2.9473684210526314,9,9,18,7,2,9,3,8,11,30,31,61,16,27,43,18,3.210526315789474,2.263157894736842
2025-04-12T13:00:00Z,Venezia FC,AC Monza,1,0,FINISHED,1,H,5,0,5,5,9,14,9,10,19,17,15,32,22,34,56,-24,1.6842105263157894,2.9473684210526314,1,2,3,5,4,9,13,13,26,13,15,28,31,38,69,-41,1.4736842105263157,3.6315789473684212
2025-04-12T16:00:00Z,FC Internazionale Milano,Cagliari Calcio,3,1,FINISHED,2,H,13,11,24,4,5,9,2,3,5,40,39,79,21,14,35,44,4.157894736842105,1.8421052631578947,6,3,9,4,5,9,9,11,20,24,16,40,28,28,56,-16,2.1052631578947367,2.9473684210526314
2025-04-12T18:45:00Z,Juventus FC,US Lecce,2,1,FINISHED,1,H,11,7,18,7,9,16,1,3,4,31,27,58,15,20,35,23,3.0526315789473686,1.8421052631578947,4,4,8,6,4,10,9,11,20,13,14,27,31,27,58,-31,1.4210526315789473,3.0526315789473686
2025-04-13T10:30:00Z,Atalanta BC,Bologna FC 1909,2,0,FINISHED,2,H,9,13,22,5,3,8,5,3,8,36,42,78,24,13,37,41,4.105263157894737,1.9473684210526316,10,6,16,7,7,14,2,6,8,33,24,57,18,29,47,10,3.0,2.473684210526316
2025-04-13T13:00:00Z,ACF Fiorentina,Parma Calcio 1913,0,0,FINISHED,0,D,12,7,19,4,4,8,3,8,11,32,28,60,18,23,41,19,3.1578947368421053,2.1578947368421053,5,2,7,6,9,15,8,8,16,25,19,44,28,30,58,-14,2.3157894736842106,3.0526315789473686
2025-04-13T13:00:00Z,Hellas Verona FC,Genoa CFC,0,0,FINISHED,0,D,4,6,10,5,2,7,10,11,21,15,19,34,36,30,66,-32,1.7894736842105263,3.473684210526316,5,5,10,7,6,13,7,8,15,21,16,37,25,24,49,-12,1.9473684210526316,2.5789473684210527
2025-04-13T16:00:00Z,Como 1907,Torino FC,1,0,FINISHED,1,H,8,5,13,5,5,10,6,9,15,28,21,49,26,26,52,-3,2.5789473684210527,2.736842105263158,6,4,10,7,7,14,6,8,14,17,22,39,18,27,45,-6,2.0526315789473686,2.3684210526315788
2025-04-13T18:45:00Z,SS Lazio,AS Roma,1,1,FINISHED,0,D,7,11,18,9,2,11,3,6,9,33,28,61,26,23,49,12,3.210526315789474,2.5789473684210527,13,7,20,2,7,9,4,5,9,37,19,56,15,20,35,21,2.9473684210526314,1.8421052631578947
2025-04-14T18:45:00Z,SSC Napoli,Empoli FC,3,0,FINISHED,3,H,14,10,24,3,7,10,2,2,4,32,27,59,13,14,27,32,3.1052631578947367,1.4210526315789473,2,4,6,7,6,13,10,9,19,10,23,33,26,33,59,-26,1.736842105263158,3.1052631578947367
2025-04-19T13:00:00Z,US Lecce,Como 1907,0,3,FINISHED,-3,A,4,4,8,6,4,10,9,11,20,13,14,27,31,27,58,-31,1.4210526315789473,3.0526315789473686,8,5,13,5,5,10,6,9,15,28,21,49,26,26,52,-3,2.5789473684210527,2.736842105263158
2025-04-19T16:00:00Z,AC Monza,SSC Napoli,0,1,FINISHED,-1,A,1,2,3,5,4,9,13,13,26,13,15,28,31,38,69,-41,1.4736842105263157,3.6315789473684212,14,10,24,3,7,10,2,2,4,32,27,59,13,14,27,32,3.1052631578947367,1.4210526315789473
2025-04-19T18:45:00Z,AS Roma,Hellas Verona FC,1,0,FINISHED,1,H,13,7,20,2,7,9,4,5,9,37,19,56,15,20,35,21,2.9473684210526314,1.8421052631578947,4,6,10,5,2,7,10,11,21,15,19,34,36,30,66,-32,1.7894736842105263,3.473684210526316
2025-04-20T13:00:00Z,Empoli FC,Venezia FC,2,2,FINISHED,0,D,2,4,6,7,6,13,10,9,19,10,23,33,26,33,59,-26,1.736842105263158,3.1052631578947367,5,0,5,5,9,14,9,10,19,17,15,32,22,34,56,-24,1.6842105263157894,2.9473684210526314
2025-04-20T16:00:00Z,Bologna FC 1909,FC Internazionale Milano,1,0,FINISHED,1,H,10,6,16,7,7,14,2,6,8,33,24,57,18,29,47,10,3.0,2.473684210526316,13,11,24,4,5,9,2,3,5,40,39,79,21,14,35,44,4.157894736842105,1.8421052631578947
2025-04-20T18:45:00Z,AC Milan,Atalanta BC,0,1,FINISHED,-1,A,9,9,18,7,2,9,3,8,11,30,31,61,16,27,43,18,3.210526315789474,2.263157894736842,9,13,22,5,3,8,5,3,8,36,42,78,24,13,37,41,4.105263157894737,1.9473684210526316
2025-04-23T16:30:00Z,Cagliari Calcio,ACF Fiorentina,1,2,FINISHED,-1,A,6,3,9,4,5,9,9,11,20,24,16,40,28,28,56,-16,2.1052631578947367,2.9473684210526314,12,7,19,4,4,8,3,8,11,32,28,60,18,23,41,19,3.1578947368421053,2.1578947368421053
2025-04-23T16:30:00Z,Genoa CFC,SS Lazio,0,2,FINISHED,-2,A,5,5,10,7,6,13,7,8,15,21,16,37,25,24,49,-12,1.9473684210526316,2.5789473684210527,7,11,18,9,2,11,3,6,9,33,28,61,26,23,49,12,3.210526315789474,2.5789473684210527
2025-04-23T16:30:00Z,Parma Calcio 1913,Juventus FC,1,0,FINISHED,1,H,5,2,7,6,9,15,8,8,16,25,19,44,28,30,58,-14,2.3157894736842106,3.0526315789473686,11,7,18,7,9,16,1,3,4,31,27,58,15,20,35,23,3.0526315789473686,1.8421052631578947
2025-04-23T16:30:00Z,Torino FC,Udinese Calcio,2,0,FINISHED,2,H,6,4,10,7,7,14,6,8,14,17,22,39,18,27,45,-6,2.0526315789473686,2.3684210526315788,7,5,12,3,5,8,9,9,18,22,19,41,27,29,56,-15,2.1578947368421053,2.9473684210526314
2025-04-27T10:30:00Z,Como 1907,Genoa CFC,1,0,FINISHED,1,H,8,5,13,5,5,10,6,9,15,28,21,49,26,26,52,-3,2.5789473684210527,2.736842105263158,5,5,10,7,6,13,7,8,15,21,16,37,25,24,49,-12,1.9473684210526316,2.5789473684210527
2025-04-27T10:30:00Z,Venezia FC,AC Milan,0,2,FINISHED,-2,A,5,0,5,5,9,14,9,10,19,17,15,32,22,34,56,-24,1.6842105263157894,2.9473684210526314,9,9,18,7,2,9,3,8,11,30,31,61,16,27,43,18,3.210526315789474,2.263157894736842
2025-04-27T13:00:00Z,ACF Fiorentina,Empoli FC,2,1,FINISHED,1,H,12,7,19,4,4,8,3,8,11,32,28,60,18,23,41,19,3.1578947368421053,2.1578947368421053,2,4,6,7,6,13,10,9,19,10,23,33,26,33,59,-26,1.736842105263158,3.1052631578947367
2025-04-27T13:00:00Z,FC Internazionale Milano,AS Roma,0,1,FINISHED,-1,A,13,11,24,4,5,9,2,3,5,40,39,79,21,14,35,44,4.157894736842105,1.8421052631578947,13,7,20,2,7,9,4,5,9,37,19,56,15,20,35,21,2.9473684210526314,1.8421052631578947
2025-04-27T16:00:00Z,Juventus FC,AC Monza,2,0,FINISHED,2,H,11,7,18,7,9,16,1,3,4,31,27,58,15,20,35,23,3.0526315789473686,1.8421052631578947,1,2,3,5,4,9,13,13,26,13,15,28,31,38,69,-41,1.4736842105263157,3.6315789473684212
2025-04-27T18:45:00Z,Atalanta BC,US Lecce,1,1,FINISHED,0,D,9,13,22,5,3,8,5,3,8,36,42,78,24,13,37,41,4.105263157894737,1.9473684210526316,4,4,8,6,4,10,9,11,20,13,14,27,31,27,58,-31,1.4210526315789473,3.0526315789473686
2025-04-27T18:45:00Z,SSC Napoli,Torino FC,2,0,FINISHED,2,H,14,10,24,3,7,10,2,2,4,32,27,59,13,14,27,32,3.1052631578947367,1.4210526315789473,6,4,10,7,7,14,6,8,14,17,22,39,18,27,45,-6,2.0526315789473686,2.3684210526315788
2025-04-28T16:30:00Z,Udinese Calcio,Bologna FC 1909,0,0,FINISHED,0,D,7,5,12,3,5,8,9,9,18,22,19,41,27,29,56,-15,2.1578947368421053,2.9473684210526314,10,6,16,7,7,14,2,6,8,33,24,57,18,29,47,10,3.0,2.473684210526316
2025-04-28T18:45:00Z,Hellas Verona FC,Cagliari Calcio,0,2,FINISHED,-2,A,4,6,10,5,2,7,10,11,21,15,19,34,36,30,66,-32,1.7894736842105263,3.473684210526316,6,3,9,4,5,9,9,11,20,24,16,40,28,28,56,-16,2.1052631578947367,2.9473684210526314
2025-04-28T18:45:00Z,SS Lazio,Parma Calcio 1913,2,2,FINISHED,0,D,7,11,18,9,2,11,3,6,9,33,28,61,26,23,49,12,3.210526315789474,2.5789473684210527,5,2,7,6,9,15,8,8,16,25,19,44,28,30,58,-14,2.3157894736842106,3.0526315789473686
2025-05-02T18:45:00Z,Torino FC,Venezia FC,1,1,FINISHED,0,D,6,4,10,7,7,14,6,8,14,17,22,39,18,27,45,-6,2.0526315789473686,2.3684210526315788,5,0,5,5,9,14,9,10,19,17,15,32,22,34,56,-24,1.6842105263157894,2.9473684210526314
2025-05-03T13:00:00Z,Cagliari Calcio,Udinese Calcio,1,2,FINISHED,-1,A,6,3,9,4,5,9,9,11,20,24,16,40,28,28,56,-16,2.1052631578947367,2.9473684210526314,7,5,12,3,5,8,9,9,18,22,19,41,27,29,56,-15,2.1578947368421053,2.9473684210526314
2025-05-03T13:00:00Z,Parma Calcio 1913,Como 1907,0,1,FINISHED,-1,A,5,2,7,6,9,15,8,8,16,25,19,44,28,30,58,-14,2.3157894736842106,3.0526315789473686,8,5,13,5,5,10,6,9,15,28,21,49,26,26,52,-3,2.5789473684210527,2.736842105263158
2025-05-03T16:00:00Z,US Lecce,SSC Napoli,0,1,FINISHED,-1,A,4,4,8,6,4,10,9,11,20,13,14,27,31,27,58,-31,1.4210526315789473,3.0526315789473686,14,10,24,3,7,10,2,2,4,32,27,59,13,14,27,32,3.1052631578947367,1.4210526315789473
2025-05-03T18:45:00Z,FC Internazionale Milano,Hellas Verona FC,1,0,FINISHED,1,H,13,11,24,4,5,9,2,3,5,40,39,79,21,14,35,44,4.157894736842105,1.8421052631578947,4,6,10,5,2,7,10,11,21,15,19,34,36,30,66,-32,1.7894736842105263,3.473684210526316
2025-05-04T10:30:00Z,Empoli FC,SS Lazio,0,1,FINISHED,-1,A,2,4,6,7,6,13,10,9,19,10,23,33,26,33,59,-26,1.736842105263158,3.1052631578947367,7,11,18,9,2,11,3,6,9,33,28,61,26,23,49,12,3.210526315789474,2.5789473684210527
2025-05-04T13:00:00Z,AC Monza,Atalanta BC,0,4,FINISHED,-4,A,1,2,3,5,4,9,13,13,26,13,15,28,31,38,69,-41,1.4736842105263157,3.6315789473684212,9,13,22,5,3,8,5,3,8,36,42,78,24,13,37,41,4.105263157894737,1.9473684210526316
2025-05-04T16:00:00Z,AS Roma,ACF Fiorentina,1,0,FINISHED,1,H,13,7,20,2,7,9,4,5,9,37,19,56,15,20,35,21,2.9473684210526314,1.8421052631578947,12,7,19,4,4,8,3,8,11,32,28,60,18,23,41,19,3.1578947368421053,2.1578947368421053
2025-05-04T18:45:00Z,Bologna FC 1909,Juventus FC,1,1,FINISHED,0,D,10,6,16,7,7,14,2,6,8,33,24,57,18,29,47,10,3.0,2.473684210526316,11,7,18,7,9,16,1,3,4,31,27,58,15,20,35,23,3.0526315789473686,1.8421052631578947
2025-05-05T18:45:00Z,Genoa CFC,AC Milan,1,2,FINISHED,-1,A,5,5,10,7,6,13,7,8,15,21,16,37,25,24,49,-12,1.9473684210526316,2.5789473684210527,9,9,18,7,2,9,3,8,11,30,31,61,16,27,43,18,3.210526315789474,2.263157894736842
2025-05-09T18:45:00Z,AC Milan,Bologna FC 1909,3,1,FINISHED,2,H,9,9,18,7,2,9,3,8,11,30,31,61,16,27,43,18,3.210526315789474,2.263157894736842,10,6,16,7,7,14,2,6,8,33,24,57,18,29,47,10,3.0,2.473684210526316
2025-05-10T13:00:00Z,Como 1907,Cagliari Calcio,3,1,FINISHED,2,H,8,5,13,5,5,10,6,9,15,28,21,49,26,26,52,-3,2.5789473684210527,2.736842105263158,6,3,9,4,5,9,9,11,20,24,16,40,28,28,56,-16,2.1052631578947367,2.9473684210526314
2025-05-10T16:00:00Z,SS Lazio,Juventus FC,1,1,FINISHED,0,D,7,11,18,9,2,11,3,6,9,33,28,61,26,23,49,12,3.210526315789474,2.5789473684210527,11,7,18,7,9,16,1,3,4,31,27,58,15,20,35,23,3.0526315789473686,1.8421052631578947
2025-05-10T18:45:00Z,Empoli FC,Parma Calcio 1913,2,1,FINISHED,1,H,2,4,6,7,6,13,10,9,19,10,23,33,26,33,59,-26,1.736842105263158,3.1052631578947367,5,2,7,6,9,15,8,8,16,25,19,44,28,30,58,-14,2.3157894736842106,3.0526315789473686
2025-05-11T10:30:00Z,Udinese Calcio,AC Monza,1,2,FINISHED,-1,A,7,5,12,3,5,8,9,9,18,22,19,41,27,29,56,-15,2.1578947368421053,2.9473684210526314,1,2,3,5,4,9,13,13,26,13,15,28,31,38,69,-41,1.4736842105263157,3.6315789473684212
2025-05-11T13:00:00Z,Hellas Verona FC,US Lecce,1,1,FINISHED,0,D,4,6,10,5,2,7,10,11,21,15,19,34,36,30,66,-32,1.7894736842105263,3.473684210526316,4,4,8,6,4,10,9,11,20,13,14,27,31,27,58,-31,1.4210526315789473,3.0526315789473686
2025-05-11T16:00:00Z,Torino FC,FC Internazionale Milano,0,2,FINISHED,-2,A,6,4,10,7,7,14,6,8,14,17,22,39,18,27,45,-6,2.0526315789473686,2.3684210526315788,13,11,24,4,5,9,2,3,5,40,39,79,21,14,35,44,4.157894736842105,1.8421052631578947
2025-05-11T18:45:00Z,SSC Napoli,Genoa CFC,2,2,FINISHED,0,D,14,10,24,3,7,10,2,2,4,32,27,59,13,14,27,32,3.1052631578947367,1.4210526315789473,5,5,10,7,6,13,7,8,15,21,16,37,25,24,49,-12,1.9473684210526316,2.5789473684210527
2025-05-12T16:30:00Z,Venezia FC,ACF Fiorentina,2,1,FINISHED,1,H,5,0,5,5,9,14,9,10,19,17,15,32,22,34,56,-24,1.6842105263157894,2.9473684210526314,12,7,19,4,4,8,3,8,11,32,28,60,18,23,41,19,3.1578947368421053,2.1578947368421053
2025-05-12T18:45:00Z,Atalanta BC,AS Roma,2,1,FINISHED,1,H,9,13,22,5,3,8,5,3,8,36,42,78,24,13,37,41,4.105263157894737,1.9473684210526316,13,7,20,2,7,9,4,5,9,37,19,56,15,20,35,21,2.9473684210526314,1.8421052631578947
2025-05-17T18:45:00Z,Genoa CFC,Atalanta BC,2,3,FINISHED,-1,A,5,5,10,7,6,13,7,8,15,21,16,37,25,24,49,-12,1.9473684210526316,2.5789473684210527,9,13,22,5,3,8,5,3,8,36,42,78,24,13,37,41,4.105263157894737,1.9473684210526316
2025-05-18T18:45:00Z,Cagliari Calcio,Venezia FC,3,0,FINISHED,3,H,6,3,9,4,5,9,9,11,20,24,16,40,28,28,56,-16,2.1052631578947367,2.9473684210526314,5,0,5,5,9,14,9,10,19,17,15,32,22,34,56,-24,1.6842105263157894,2.9473684210526314
2025-05-18T18:45:00Z,ACF Fiorentina,Bologna FC 1909,3,2,FINISHED,1,H,12,7,19,4,4,8,3,8,11,32,28,60,18,23,41,19,3.1578947368421053,2.1578947368421053,10,6,16,7,7,14,2,6,8,33,24,57,18,29,47,10,3.0,2.473684210526316
2025-05-18T18:45:00Z,Hellas Verona FC,Como 1907,1,1,FINISHED,0,D,4,6,10,5,2,7,10,11,21,15,19,34,36,30,66,-32,1.7894736842105263,3.473684210526316,8,5,13,5,5,10,6,9,15,28,21,49,26,26,52,-3,2.5789473684210527,2.736842105263158
2025-05-18T18:45:00Z,FC Internazionale Milano,SS Lazio,2,2,FINISHED,0,D,13,11,24,4,5,9,2,3,5,40,39,79,21,14,35,44,4.157894736842105,1.8421052631578947,7,11,18,9,2,11,3,6,9,33,28,61,26,23,49,12,3.210526315789474,2.5789473684210527
2025-05-18T18:45:00Z,Juventus FC,Udinese Calcio,2,0,FINISHED,2,H,11,7,18,7,9,16,1,3,4,31,27,58,15,20,35,23,3.0526315789473686,1.8421052631578947,7,5,12,3,5,8,9,9,18,22,19,41,27,29,56,-15,2.1578947368421053,2.9473684210526314
2025-05-18T18:45:00Z,US Lecce,Torino FC,1,0,FINISHED,1,H,4,4,8,6,4,10,9,11,20,13,14,27,31,27,58,-31,1.4210526315789473,3.0526315789473686,6,4,10,7,7,14,6,8,14,17,22,39,18,27,45,-6,2.0526315789473686,2.3684210526315788
2025-05-18T18:45:00Z,AC Monza,Empoli FC,1,3,FINISHED,-2,A,1,2,3,5,4,9,13,13,26,13,15,28,31,38,69,-41,1.4736842105263157,3.6315789473684212,2,4,6,7,6,13,10,9,19,10,23,33,26,33,59,-26,1.736842105263158,3.1052631578947367
2025-05-18T18:45:00Z,Parma Calcio 1913,SSC Napoli,0,0,FINISHED,0,D,5,2,7,6,9,15,8,8,16,25,19,44,28,30,58,-14,2.3157894736842106,3.0526315789473686,14,10,24,3,7,10,2,2,4,32,27,59,13,14,27,32,3.1052631578947367,1.4210526315789473
2025-05-18T18:45:00Z,AS Roma,AC Milan,3,1,FINISHED,2,H,13,7,20,2,7,9,4,5,9,37,19,56,15,20,35,21,2.9473684210526314,1.8421052631578947,9,9,18,7,2,9,3,8,11,30,31,61,16,27,43,18,3.210526315789474,2.263157894736842
2025-05-23T18:45:00Z,Como 1907,FC Internazionale Milano,0,2,FINISHED,-2,A,8,5,13,5,5,10,6,9,15,28,21,49,26,26,52,-3,2.5789473684210527,2.736842105263158,13,11,24,4,5,9,2,3,5,40,39,79,21,14,35,44,4.157894736842105,1.8421052631578947
2025-05-23T18:45:00Z,SSC Napoli,Cagliari Calcio,2,0,FINISHED,2,H,14,10,24,3,7,10,2,2,4,32,27,59,13,14,27,32,3.1052631578947367,1.4210526315789473,6,3,9,4,5,9,9,11,20,24,16,40,28,28,56,-16,2.1052631578947367,2.9473684210526314
2025-05-24T16:00:00Z,Bologna FC 1909,Genoa CFC,1,3,FINISHED,-2,A,10,6,16,7,7,14,2,6,8,33,24,57,18,29,47,10,3.0,2.473684210526316,5,5,10,7,6,13,7,8,15,21,16,37,25,24,49,-12,1.9473684210526316,2.5789473684210527
2025-05-24T18:45:00Z,AC Milan,AC Monza,2,0,FINISHED,2,H,9,9,18,7,2,9,3,8,11,30,31,61,16,27,43,18,3.210526315789474,2.263157894736842,1,2,3,5,4,9,13,13,26,13,15,28,31,38,69,-41,1.4736842105263157,3.6315789473684212
2025-05-25T18:45:00Z,Atalanta BC,Parma Calcio 1913,2,3,FINISHED,-1,A,9,13,22,5,3,8,5,3,8,36,42,78,24,13,37,41,4.105263157894737,1.9473684210526316,5,2,7,6,9,15,8,8,16,25,19,44,28,30,58,-14,2.3157894736842106,3.0526315789473686
2025-05-25T18:45:00Z,Empoli FC,Hellas Verona FC,1,2,FINISHED,-1,A,2,4,6,7,6,13,10,9,19,10,23,33,26,33,59,-26,1.736842105263158,3.1052631578947367,4,6,10,5,2,7,10,11,21,15,19,34,36,30,66,-32,1.7894736842105263,3.473684210526316
2025-05-25T18:45:00Z,SS Lazio,US Lecce,0,1,FINISHED,-1,A,7,11,18,9,2,11,3,6,9,33,28,61,26,23,49,12,3.210526315789474,2.5789473684210527,4,4,8,6,4,10,9,11,20,13,14,27,31,27,58,-31,1.4210526315789473,3.0526315789473686
2025-05-25T18:45:00Z,Torino FC,AS Roma,0,2,FINISHED,-2,A,6,4,10,7,7,14,6,8,14,17,22,39,18,27,45,-6,2.0526315789473686,2.3684210526315788,13,7,20,2,7,9,4,5,9,37,19,56,15,20,35,21,2.9473684210526314,1.8421052631578947
2025-05-25T18:45:00Z,Udinese Calcio,ACF Fiorentina,2,3,FINISHED,-1,A,7,5,12,3,5,8,9,9,18,22,19,41,27,29,56,-15,2.1578947368421053,2.9473684210526314,12,7,19,4,4,8,3,8,11,32,28,60,18,23,41,19,3.1578947368421053,2.1578947368421053
2025-05-25T18:45:00Z,Venezia FC,Juventus FC,2,3,FINISHED,-1,A,5,0,5,5,9,14,9,10,19,17,15,32,22,34,56,-24,1.6842105263157894,2.9473684210526314,11,7,18,7,9,16,1,3,4,31,27,58,15,20,35,23,3.0526315789473686,1.8421052631578947
